"../../../Engine/Plugins/2D/Paper2D/Content/PlaceholderTextures/DummySpriteTexture.ubulk" 0
"../../../Engine/Plugins/2D/Paper2D/Content/PlaceholderTextures/DummySpriteTexture.uasset" 1
"../../../Engine/Plugins/2D/Paper2D/Content/PlaceholderTextures/DummySpriteTexture.uexp" 2
"../../../Engine/Plugins/2D/Paper2D/Content/DummySprite.uasset" 3
"../../../Engine/Plugins/2D/Paper2D/Content/DummySprite.uexp" 4
"../../../Engine/Plugins/2D/Paper2D/Content/DefaultPaperTerrainMaterial.uasset" 5
"../../../Engine/Plugins/2D/Paper2D/Content/DefaultPaperTerrainMaterial.uexp" 6
"../../../Engine/Plugins/Animation/ACLPlugin/Content/ACLAnimBoneCompressionSettings.uasset" 7
"../../../Engine/Plugins/Animation/ACLPlugin/Content/ACLAnimBoneCompressionSettings.uexp" 8
"../../../Engine/Plugins/Animation/ACLPlugin/Content/ACLAnimCurveCompressionSettings.uasset" 9
"../../../Engine/Plugins/Animation/ACLPlugin/Content/ACLAnimCurveCompressionSettings.uexp" 10
"../../../Engine/Content/Animation/DefaultRecorderBoneCompression.uasset" 11
"../../../Engine/Content/Animation/DefaultRecorderBoneCompression.uexp" 12
"../../../Engine/Content/Animation/DefaultVariableFrameStrippingSettings.uasset" 13
"../../../Engine/Content/Animation/DefaultVariableFrameStrippingSettings.uexp" 14
"../../../Engine/Content/EngineFonts/Faces/DroidSansFallback.uexp" 15
"../../../Engine/Content/EngineFonts/Faces/DroidSansFallback.uasset" 16
"../../../Engine/Content/EngineFonts/Faces/DroidSansFallback.ufont" 17
"../../../Engine/Content/EngineFonts/Faces/RobotoBold.uexp" 18
"../../../Engine/Content/EngineFonts/Faces/RobotoBold.uasset" 19
"../../../Engine/Content/EngineFonts/Faces/RobotoBold.ufont" 20
"../../../Engine/Content/EngineFonts/Faces/RobotoBoldItalic.uexp" 21
"../../../Engine/Content/EngineFonts/Faces/RobotoBoldItalic.uasset" 22
"../../../Engine/Content/EngineFonts/Faces/RobotoBoldItalic.ufont" 23
"../../../Engine/Content/EngineFonts/Faces/RobotoItalic.uexp" 24
"../../../Engine/Content/EngineFonts/Faces/RobotoItalic.uasset" 25
"../../../Engine/Content/EngineFonts/Faces/RobotoItalic.ufont" 26
"../../../Engine/Content/EngineFonts/Faces/RobotoLight.uexp" 27
"../../../Engine/Content/EngineFonts/Faces/RobotoLight.uasset" 28
"../../../Engine/Content/EngineFonts/Faces/RobotoLight.ufont" 29
"../../../Engine/Content/EngineFonts/Faces/RobotoRegular.uexp" 30
"../../../Engine/Content/EngineFonts/Faces/RobotoRegular.uasset" 31
"../../../Engine/Content/EngineFonts/Faces/RobotoRegular.ufont" 32
"../../../Engine/Content/EngineFonts/Roboto.uasset" 33
"../../../Engine/Content/EngineFonts/Roboto.uexp" 34
"../../../Engine/Content/EngineMaterials/DefaultDestructiblePhysicalMaterial.uasset" 35
"../../../Engine/Content/EngineMaterials/DefaultDestructiblePhysicalMaterial.uexp" 36
"../../../Engine/Content/EngineMaterials/DefaultPhysicalMaterial.uasset" 37
"../../../Engine/Content/EngineMaterials/DefaultPhysicalMaterial.uexp" 38
"../../../Engine/Content/EngineSounds/Master.uasset" 39
"../../../Engine/Content/EngineSounds/Master.uexp" 40
"../../../Engine/Plugins/Animation/ControlRig/Content/Controls/DefaultGizmoLibraryNormalized.uasset" 41
"../../../Engine/Plugins/Animation/ControlRig/Content/Controls/DefaultGizmoLibraryNormalized.uexp" 42
"../../../Engine/Plugins/Interchange/Runtime/Content/Pipelines/DefaultAssetsPipeline.uasset" 43
"../../../Engine/Plugins/Interchange/Runtime/Content/Pipelines/DefaultAssetsPipeline.uexp" 44
"../../../Engine/Plugins/Interchange/Runtime/Content/Pipelines/DefaultAudioPipeline.uasset" 45
"../../../Engine/Plugins/Interchange/Runtime/Content/Pipelines/DefaultAudioPipeline.uexp" 46
"../../../Engine/Plugins/Interchange/Runtime/Content/Pipelines/DefaultGLTFAssetsPipeline.uasset" 47
"../../../Engine/Plugins/Interchange/Runtime/Content/Pipelines/DefaultGLTFAssetsPipeline.uexp" 48
"../../../Engine/Plugins/Interchange/Runtime/Content/Pipelines/DefaultGLTFPipeline.uasset" 49
"../../../Engine/Plugins/Interchange/Runtime/Content/Pipelines/DefaultGLTFPipeline.uexp" 50
"../../../Engine/Plugins/Interchange/Runtime/Content/Pipelines/DefaultGLTFSceneAssetsPipeline.uasset" 51
"../../../Engine/Plugins/Interchange/Runtime/Content/Pipelines/DefaultGLTFSceneAssetsPipeline.uexp" 52
"../../../Engine/Content/MobileResources/HUD/VirtualJoystick_Background.uasset" 53
"../../../Engine/Content/MobileResources/HUD/VirtualJoystick_Background.uexp" 54
"../../../Engine/Content/MobileResources/HUD/VirtualJoystick_Thumb.uasset" 55
"../../../Engine/Content/MobileResources/HUD/VirtualJoystick_Thumb.uexp" 56
"../../../Engine/Content/MobileResources/HUD/DefaultVirtualJoysticks.uasset" 57
"../../../Engine/Content/MobileResources/HUD/DefaultVirtualJoysticks.uexp" 58
"../../../Engine/Plugins/2D/Paper2D/Content/DefaultSpriteMaterial.uasset" 59
"../../../Engine/Plugins/2D/Paper2D/Content/DefaultSpriteMaterial.uexp" 60
"../../../Engine/Plugins/2D/Paper2D/Content/MaskedUnlitSpriteMaterial.uasset" 61
"../../../Engine/Plugins/2D/Paper2D/Content/MaskedUnlitSpriteMaterial.uexp" 62
"../../../Engine/Plugins/2D/Paper2D/Content/OpaqueUnlitSpriteMaterial.uasset" 63
"../../../Engine/Plugins/2D/Paper2D/Content/OpaqueUnlitSpriteMaterial.uexp" 64
"../../../Engine/Content/Functions/Engine_MaterialFunctions02/WorldPositionOffset/CameraOffset.uasset" 65
"../../../Engine/Content/Functions/Engine_MaterialFunctions02/WorldPositionOffset/CameraOffset.uexp" 66
"../../../Engine/Plugins/Animation/ControlRig/Content/M_Manip.uasset" 67
"../../../Engine/Plugins/Animation/ControlRig/Content/M_Manip.uexp" 68
"../../../Engine/Content/EngineMaterials/T_Default_Material_Grid_M.ubulk" 69
"../../../Engine/Content/EngineMaterials/T_Default_Material_Grid_M.uasset" 70
"../../../Engine/Content/EngineMaterials/T_Default_Material_Grid_M.uexp" 71
"../../../Engine/Content/EngineMaterials/T_Default_Material_Grid_N.ubulk" 72
"../../../Engine/Content/EngineMaterials/T_Default_Material_Grid_N.uasset" 73
"../../../Engine/Content/EngineMaterials/T_Default_Material_Grid_N.uexp" 74
"../../../Engine/Content/Functions/Engine_MaterialFunctions01/Opacity/CameraDepthFade.uasset" 75
"../../../Engine/Content/Functions/Engine_MaterialFunctions01/Opacity/CameraDepthFade.uexp" 76
"../../../Engine/Content/EngineMaterials/WorldGridMaterial.uasset" 77
"../../../Engine/Content/EngineMaterials/WorldGridMaterial.uexp" 78
"../../../Engine/Plugins/Media/MediaPlate/Content/SM_MediaPlateScreen.ubulk" 79
"../../../Engine/Plugins/Media/MediaPlate/Content/SM_MediaPlateScreen.uasset" 80
"../../../Engine/Plugins/Media/MediaPlate/Content/SM_MediaPlateScreen.uexp" 81
"../../../Engine/Plugins/NNE/NNEDenoiser/Content/NNEDIM_ColorAlbedoNormal_Alpha.uasset" 82
"../../../Engine/Plugins/NNE/NNEDenoiser/Content/NNEDIM_ColorAlbedoNormal_Alpha.uexp" 83
"../../../Engine/Plugins/NNE/NNEDenoiser/Content/NNEDIM_ColorAlbedoNormal_Default.uasset" 84
"../../../Engine/Plugins/NNE/NNEDenoiser/Content/NNEDIM_ColorAlbedoNormal_Default.uexp" 85
"../../../Engine/Plugins/NNE/NNEDenoiser/Content/NNEDIM_HighQuality_Alpha.uasset" 86
"../../../Engine/Plugins/NNE/NNEDenoiser/Content/NNEDIM_HighQuality_Alpha.uexp" 87
"../../../Engine/Plugins/NNE/NNEDenoiser/Content/NNEDIM_HighQuality_Default.uasset" 88
"../../../Engine/Plugins/NNE/NNEDenoiser/Content/NNEDIM_HighQuality_Default.uexp" 89
"../../../Engine/Plugins/NNE/NNEDenoiser/Content/NNEDOM_Output_Alpha.uasset" 90
"../../../Engine/Plugins/NNE/NNEDenoiser/Content/NNEDOM_Output_Alpha.uexp" 91
"../../../Engine/Plugins/NNE/NNEDenoiser/Content/NNEDOM_Output_Default.uasset" 92
"../../../Engine/Plugins/NNE/NNEDenoiser/Content/NNEDOM_Output_Default.uexp" 93
"../../../Engine/Plugins/NNE/NNEDenoiser/Content/NNEDTIM_ColorAlbedoNormal_Alpha.uasset" 94
"../../../Engine/Plugins/NNE/NNEDenoiser/Content/NNEDTIM_ColorAlbedoNormal_Alpha.uexp" 95
"../../../Engine/Plugins/NNE/NNEDenoiser/Content/NNEDTIM_ColorAlbedoNormal_Default.uasset" 96
"../../../Engine/Plugins/NNE/NNEDenoiser/Content/NNEDTIM_ColorAlbedoNormal_Default.uexp" 97
"../../../Engine/Plugins/NNE/NNEDenoiser/Content/NNEDTOM_Output_Alpha.uasset" 98
"../../../Engine/Plugins/NNE/NNEDenoiser/Content/NNEDTOM_Output_Alpha.uexp" 99
"../../../Engine/Plugins/NNE/NNEDenoiser/Content/NNEDTOM_Output_Default.uasset" 100
"../../../Engine/Plugins/NNE/NNEDenoiser/Content/NNEDTOM_Output_Default.uexp" 101
"../../../Engine/Plugins/NNE/NNEDenoiser/Content/NNEDT_Oidn2-3_Balanced.uasset" 102
"../../../Engine/Plugins/NNE/NNEDenoiser/Content/NNEDT_Oidn2-3_Balanced.uexp" 103
"../../../Engine/Plugins/NNE/NNEDenoiser/Content/NNEDT_Oidn2-3_Balanced_Alpha.uasset" 104
"../../../Engine/Plugins/NNE/NNEDenoiser/Content/NNEDT_Oidn2-3_Balanced_Alpha.uexp" 105
"../../../Engine/Plugins/NNE/NNEDenoiser/Content/NNED_Oidn2-3_Balanced.uasset" 106
"../../../Engine/Plugins/NNE/NNEDenoiser/Content/NNED_Oidn2-3_Balanced.uexp" 107
"../../../Engine/Plugins/NNE/NNEDenoiser/Content/NNED_Oidn2-3_Balanced_Alpha.uasset" 108
"../../../Engine/Plugins/NNE/NNEDenoiser/Content/NNED_Oidn2-3_Balanced_Alpha.uexp" 109
"../../../Engine/Plugins/NNE/NNEDenoiser/Content/NNED_Oidn2-3_Fast.uasset" 110
"../../../Engine/Plugins/NNE/NNEDenoiser/Content/NNED_Oidn2-3_Fast.uexp" 111
"../../../Engine/Plugins/NNE/NNEDenoiser/Content/NNED_Oidn2-3_Fast_Alpha.uasset" 112
"../../../Engine/Plugins/NNE/NNEDenoiser/Content/NNED_Oidn2-3_Fast_Alpha.uexp" 113
"../../../Engine/Plugins/NNE/NNEDenoiser/Content/NNED_Oidn2-3_HighQuality.uasset" 114
"../../../Engine/Plugins/NNE/NNEDenoiser/Content/NNED_Oidn2-3_HighQuality.uexp" 115
"../../../Engine/Plugins/NNE/NNEDenoiser/Content/NNED_Oidn2-3_HighQuality_Alpha.uasset" 116
"../../../Engine/Plugins/NNE/NNEDenoiser/Content/NNED_Oidn2-3_HighQuality_Alpha.uexp" 117
"../../../Engine/Plugins/NNE/NNEDenoiser/Content/NNE_oidn2-3-0_rt_hdr_alb_nrm_small__dyn__fp16_opset11_DenoiseAlpha.uasset" 118
"../../../Engine/Plugins/NNE/NNEDenoiser/Content/NNE_oidn2-3-0_rt_hdr_alb_nrm_small__dyn__fp16_opset11_DenoiseAlpha.uexp" 119
"../../../Engine/Plugins/NNE/NNEDenoiser/Content/NNE_oidn2-3-0_rt_hdr_alb_nrm_small__dyn__fp16_opset11_ForwardAlpha.uasset" 120
"../../../Engine/Plugins/NNE/NNEDenoiser/Content/NNE_oidn2-3-0_rt_hdr_alb_nrm_small__dyn__fp16_opset11_ForwardAlpha.uexp" 121
"../../../Engine/Plugins/NNE/NNEDenoiser/Content/NNE_oidn2-3-0_rt_hdr_alb_nrm__dyn__fp16_opset11_DenoiseAlpha.uasset" 122
"../../../Engine/Plugins/NNE/NNEDenoiser/Content/NNE_oidn2-3-0_rt_hdr_alb_nrm__dyn__fp16_opset11_DenoiseAlpha.uexp" 123
"../../../Engine/Plugins/NNE/NNEDenoiser/Content/NNE_oidn2-3-0_rt_hdr_alb_nrm__dyn__fp16_opset11_ForwardAlpha.uasset" 124
"../../../Engine/Plugins/NNE/NNEDenoiser/Content/NNE_oidn2-3-0_rt_hdr_alb_nrm__dyn__fp16_opset11_ForwardAlpha.uexp" 125
"../../../Engine/Plugins/NNE/NNEDenoiser/Content/NNE_oidn2-3-0_rt_hdr_calb_cnrm_large__dyn__fp16_opset11_DenoiseAlpha.uasset" 126
"../../../Engine/Plugins/NNE/NNEDenoiser/Content/NNE_oidn2-3-0_rt_hdr_calb_cnrm_large__dyn__fp16_opset11_DenoiseAlpha.uexp" 127
"../../../Engine/Plugins/NNE/NNEDenoiser/Content/NNE_oidn2-3-0_rt_hdr_calb_cnrm_large__dyn__fp16_opset11_ForwardAlpha.uasset" 128
"../../../Engine/Plugins/NNE/NNEDenoiser/Content/NNE_oidn2-3-0_rt_hdr_calb_cnrm_large__dyn__fp16_opset11_ForwardAlpha.uexp" 129
"../../../Engine/Content/EngineMaterials/DefaultMaterial.uasset" 130
"../../../Engine/Content/EngineMaterials/DefaultMaterial.uexp" 131
"../../../Engine/Content/BasicShapes/Cone.ubulk" 132
"../../../Engine/Content/BasicShapes/Cone.uasset" 133
"../../../Engine/Content/BasicShapes/Cone.uexp" 134
"../../../Engine/Content/BasicShapes/Cylinder.ubulk" 135
"../../../Engine/Content/BasicShapes/Cylinder.uasset" 136
"../../../Engine/Content/BasicShapes/Cylinder.uexp" 137
"../../../Engine/Content/BasicShapes/Sphere.ubulk" 138
"../../../Engine/Content/BasicShapes/Sphere.uasset" 139
"../../../Engine/Content/BasicShapes/Sphere.uexp" 140
"../../../Engine/Content/EditorLandscapeResources/DefaultAlphaTexture.uasset" 141
"../../../Engine/Content/EditorLandscapeResources/DefaultAlphaTexture.uexp" 142
"../../../Engine/Content/EditorLandscapeResources/ColorMaskBrushMaterial.uasset" 143
"../../../Engine/Content/EditorLandscapeResources/ColorMaskBrushMaterial.uexp" 144
"../../../Engine/Content/EditorLandscapeResources/ColorMaskBrushMaterial_MaskedRegion.uasset" 145
"../../../Engine/Content/EditorLandscapeResources/ColorMaskBrushMaterial_MaskedRegion.uexp" 146
"../../../Engine/Content/EditorMaterials/PhAT_NoCollisionMaterial.uasset" 147
"../../../Engine/Content/EditorMaterials/PhAT_NoCollisionMaterial.uexp" 148
"../../../Engine/Plugins/Interchange/Runtime/Content/Pipelines/DefaultMaterialPipeline.uasset" 149
"../../../Engine/Plugins/Interchange/Runtime/Content/Pipelines/DefaultMaterialPipeline.uexp" 150
"../../../Engine/Plugins/Interchange/Runtime/Content/Pipelines/DefaultMaterialXPipeline.uasset" 151
"../../../Engine/Plugins/Interchange/Runtime/Content/Pipelines/DefaultMaterialXPipeline.uexp" 152
"../../../Engine/Plugins/Interchange/Runtime/Content/Pipelines/DefaultSceneAssetsPipeline.uasset" 153
"../../../Engine/Plugins/Interchange/Runtime/Content/Pipelines/DefaultSceneAssetsPipeline.uexp" 154
"../../../Engine/Plugins/Interchange/Runtime/Content/Pipelines/DefaultSceneLevelPipeline.uasset" 155
"../../../Engine/Plugins/Interchange/Runtime/Content/Pipelines/DefaultSceneLevelPipeline.uexp" 156
"../../../Engine/Plugins/Interchange/Runtime/Content/Pipelines/DefaultTexturePipeline.uasset" 157
"../../../Engine/Plugins/Interchange/Runtime/Content/Pipelines/DefaultTexturePipeline.uexp" 158
"../../../Engine/Content/EditorMaterials/PhAT_UnselectedMaterial.uasset" 159
"../../../Engine/Content/EditorMaterials/PhAT_UnselectedMaterial.uexp" 160
"../../../Engine/Content/EditorMaterials/PreviewShadowIndicator.ubulk" 161
"../../../Engine/Content/EditorMaterials/PreviewShadowIndicator.uasset" 162
"../../../Engine/Content/EditorMaterials/PreviewShadowIndicator.uexp" 163
"../../../Engine/Content/EditorMaterials/PreviewShadowIndicatorMaterial.uasset" 164
"../../../Engine/Content/EditorMaterials/PreviewShadowIndicatorMaterial.uexp" 165
"../../../Engine/Content/EditorLandscapeResources/LandscapeDirtyMaterial.uasset" 166
"../../../Engine/Content/EditorLandscapeResources/LandscapeDirtyMaterial.uexp" 167
"../../../Engine/Content/EngineMaterials/DefaultDiffuse.ubulk" 168
"../../../Engine/Content/EngineMaterials/DefaultDiffuse.uasset" 169
"../../../Engine/Content/EngineMaterials/DefaultDiffuse.uexp" 170
"../../../Engine/Content/Functions/Engine_MaterialFunctions01/Texturing/TextureCropping.uasset" 171
"../../../Engine/Content/Functions/Engine_MaterialFunctions01/Texturing/TextureCropping.uexp" 172
"../../../Engine/Content/Functions/Engine_MaterialFunctions02/ExampleContent/DebugNumberStrip.uasset" 173
"../../../Engine/Content/Functions/Engine_MaterialFunctions02/ExampleContent/DebugNumberStrip.uexp" 174
"../../../Engine/Content/Functions/Engine_MaterialFunctions01/Debug/DebugIntValues.uasset" 175
"../../../Engine/Content/Functions/Engine_MaterialFunctions01/Debug/DebugIntValues.uexp" 176
"../../../Engine/Content/Functions/Engine_MaterialFunctions02/Utility/BreakOutFloat2Components.uasset" 177
"../../../Engine/Content/Functions/Engine_MaterialFunctions02/Utility/BreakOutFloat2Components.uexp" 178
"../../../Engine/Content/Functions/Engine_MaterialFunctions01/Texturing/ScaleUVsByCenter.uasset" 179
"../../../Engine/Content/Functions/Engine_MaterialFunctions01/Texturing/ScaleUVsByCenter.uexp" 180
"../../../Engine/Content/Functions/Engine_MaterialFunctions02/WorldPositionOffset/LocalPosition.uasset" 181
"../../../Engine/Content/Functions/Engine_MaterialFunctions02/WorldPositionOffset/LocalPosition.uexp" 182
"../../../Engine/Content/EditorLandscapeResources/LandscapeLayerUsageMaterial.uasset" 183
"../../../Engine/Content/EditorLandscapeResources/LandscapeLayerUsageMaterial.uexp" 184
"../../../Engine/Content/EditorLandscapeResources/WhiteSquareTexture.uasset" 185
"../../../Engine/Content/EditorLandscapeResources/WhiteSquareTexture.uexp" 186
"../../../Engine/Content/EditorLandscapeResources/LayerVisMaterial.uasset" 187
"../../../Engine/Content/EditorLandscapeResources/LayerVisMaterial.uexp" 188
"../../../Engine/Content/Functions/Engine_MaterialFunctions02/Utility/MakeFloat3.uasset" 189
"../../../Engine/Content/Functions/Engine_MaterialFunctions02/Utility/MakeFloat3.uexp" 190
"../../../Engine/Content/Functions/Engine_MaterialFunctions03/Math/WithinRangeFloat2.uasset" 191
"../../../Engine/Content/Functions/Engine_MaterialFunctions03/Math/WithinRangeFloat2.uexp" 192
"../../../Engine/Content/EditorLandscapeResources/MaskBrushMaterial.uasset" 193
"../../../Engine/Content/EditorLandscapeResources/MaskBrushMaterial.uexp" 194
"../../../Engine/Content/EditorLandscapeResources/MaskBrushMaterial_MaskedRegion.uasset" 195
"../../../Engine/Content/EditorLandscapeResources/MaskBrushMaterial_MaskedRegion.uexp" 196
"../../../Engine/Content/EditorResources/BSPVertex.uasset" 197
"../../../Engine/Content/EditorResources/BSPVertex.uexp" 198
"../../../Engine/Content/EditorLandscapeResources/SelectBrushMaterial.uasset" 199
"../../../Engine/Content/EditorLandscapeResources/SelectBrushMaterial.uexp" 200
"../../../Engine/Content/EditorLandscapeResources/SelectBrushMaterial_Selected.uasset" 201
"../../../Engine/Content/EditorLandscapeResources/SelectBrushMaterial_Selected.uexp" 202
"../../../Engine/Content/EditorLandscapeResources/SelectBrushMaterial_SelectedRegion.uasset" 203
"../../../Engine/Content/EditorLandscapeResources/SelectBrushMaterial_SelectedRegion.uexp" 204
"../../../Engine/Content/EditorLandscapeResources/SplineEditorMeshMat.uasset" 205
"../../../Engine/Content/EditorLandscapeResources/SplineEditorMeshMat.uexp" 206
"../../../Engine/Content/EditorLandscapeResources/SplineEditorMesh.ubulk" 207
"../../../Engine/Content/EditorLandscapeResources/SplineEditorMesh.uasset" 208
"../../../Engine/Content/EditorLandscapeResources/SplineEditorMesh.uexp" 209
"../../../Engine/Content/EngineDamageTypes/DmgTypeBP_Environmental.uasset" 210
"../../../Engine/Content/EngineDamageTypes/DmgTypeBP_Environmental.uexp" 211
"../../../Engine/Content/EditorResources/S_Actor.ubulk" 212
"../../../Engine/Content/EditorResources/S_Actor.uasset" 213
"../../../Engine/Content/EditorResources/S_Actor.uexp" 214
"../../../Engine/Content/EditorResources/S_BoxReflectionCapture.uasset" 215
"../../../Engine/Content/EditorResources/S_BoxReflectionCapture.uexp" 216
"../../../Engine/Content/EngineDebugMaterials/DebugEditorMaterial.uasset" 217
"../../../Engine/Content/EngineDebugMaterials/DebugEditorMaterial.uexp" 218
"../../../Engine/Content/EngineDebugMaterials/DebugMeshMaterial.uasset" 219
"../../../Engine/Content/EngineDebugMaterials/DebugMeshMaterial.uexp" 220
"../../../Engine/Content/EngineMaterials/DefaultBloomKernel.uasset" 221
"../../../Engine/Content/EngineMaterials/DefaultBloomKernel.uexp" 222
"../../../Engine/Content/EngineDebugMaterials/M_SimpleUnlitTranslucent.uasset" 223
"../../../Engine/Content/EngineDebugMaterials/M_SimpleUnlitTranslucent.uexp" 224
"../../../Engine/Content/EngineMaterials/DefaultBokeh.uasset" 225
"../../../Engine/Content/EngineMaterials/DefaultBokeh.uexp" 226
"../../../Engine/Content/Functions/Engine_MaterialFunctions02/Utility/CameraDirectionVector.uasset" 227
"../../../Engine/Content/Functions/Engine_MaterialFunctions02/Utility/CameraDirectionVector.uexp" 228
"../../../Engine/Content/EngineDebugMaterials/VolumeToRender.uasset" 229
"../../../Engine/Content/EngineDebugMaterials/VolumeToRender.uexp" 230
"../../../Engine/Content/EngineDebugMaterials/M_VolumeRenderSphereTracePP.uasset" 231
"../../../Engine/Content/EngineDebugMaterials/M_VolumeRenderSphereTracePP.uexp" 232
"../../../Engine/Content/EditorResources/S_Solver.ubulk" 233
"../../../Engine/Content/EditorResources/S_Solver.uasset" 234
"../../../Engine/Content/EditorResources/S_Solver.uexp" 235
"../../../Engine/Content/EditorResources/S_Terrain.ubulk" 236
"../../../Engine/Content/EditorResources/S_Terrain.uasset" 237
"../../../Engine/Content/EditorResources/S_Terrain.uexp" 238
"../../../Engine/Content/EngineMaterials/DefaultDeferredDecalMaterial.uasset" 239
"../../../Engine/Content/EngineMaterials/DefaultDeferredDecalMaterial.uexp" 240
"../../../Engine/Content/EditorResources/S_Trigger.ubulk" 241
"../../../Engine/Content/EditorResources/S_Trigger.uasset" 242
"../../../Engine/Content/EditorResources/S_Trigger.uexp" 243
"../../../Engine/Content/EditorResources/S_TriggerBox.uasset" 244
"../../../Engine/Content/EditorResources/S_TriggerBox.uexp" 245
"../../../Engine/Content/EngineMaterials/PreintegratedSkinBRDF.uasset" 246
"../../../Engine/Content/EngineMaterials/PreintegratedSkinBRDF.uexp" 247
"../../../Engine/Content/EditorResources/S_TriggerCapsule.uasset" 248
"../../../Engine/Content/EditorResources/S_TriggerCapsule.uexp" 249
"../../../Engine/Content/EngineMaterials/DefaultLightFunctionMaterial.uasset" 250
"../../../Engine/Content/EngineMaterials/DefaultLightFunctionMaterial.uexp" 251
"../../../Engine/Content/EditorResources/S_TriggerSphere.uasset" 252
"../../../Engine/Content/EditorResources/S_TriggerSphere.uexp" 253
"../../../Engine/Content/EngineMaterials/DefaultPostProcessMaterial.uasset" 254
"../../../Engine/Content/EngineMaterials/DefaultPostProcessMaterial.uexp" 255
"../../../Engine/Content/EngineFonts/RobotoDistanceField.uasset" 256
"../../../Engine/Content/EngineFonts/RobotoDistanceField.uexp" 257
"../../../Engine/Content/EngineMaterials/DefaultTextMaterialOpaque.uasset" 258
"../../../Engine/Content/EngineMaterials/DefaultTextMaterialOpaque.uexp" 259
"../../../Engine/Content/EngineMaterials/RemoveSurfaceMaterial.uasset" 260
"../../../Engine/Content/EngineMaterials/RemoveSurfaceMaterial.uexp" 261
"../../../Engine/Content/EngineMaterials/DefaultWhiteGrid.ubulk" 262
"../../../Engine/Content/EngineMaterials/DefaultWhiteGrid.uasset" 263
"../../../Engine/Content/EngineMaterials/DefaultWhiteGrid.uexp" 264
"../../../Engine/Content/EngineMaterials/SMAAAreaTex.uasset" 265
"../../../Engine/Content/EngineMaterials/SMAAAreaTex.uexp" 266
"../../../Engine/Content/EngineMaterials/DefaultWhiteGrid_Low.uasset" 267
"../../../Engine/Content/EngineMaterials/DefaultWhiteGrid_Low.uexp" 268
"../../../Engine/Content/EngineMaterials/EmissiveMeshMaterial.uasset" 269
"../../../Engine/Content/EngineMaterials/EmissiveMeshMaterial.uexp" 270
"../../../Engine/Content/EngineMaterials/SMAASearchTex.uasset" 271
"../../../Engine/Content/EngineMaterials/SMAASearchTex.uexp" 272
"../../../Engine/Content/EngineResources/LandscapeVisibilityLayerInfo.uasset" 273
"../../../Engine/Content/EngineResources/LandscapeVisibilityLayerInfo.uexp" 274
"../../../Engine/Content/EngineMaterials/FastBlueNoise_scalar_128x128x64.uasset" 275
"../../../Engine/Content/EngineMaterials/FastBlueNoise_scalar_128x128x64.uexp" 276
"../../../Engine/Content/EngineMaterials/FastBlueNoise_scalar_128x128x8.uasset" 277
"../../../Engine/Content/EngineMaterials/FastBlueNoise_scalar_128x128x8.uexp" 278
"../../../Engine/Content/EngineMaterials/FastBlueNoise_vec2_128x128x64.uasset" 279
"../../../Engine/Content/EngineMaterials/FastBlueNoise_vec2_128x128x64.uexp" 280
"../../../Engine/Content/EngineMaterials/BaseFlattenDiffuseMap.uasset" 281
"../../../Engine/Content/EngineMaterials/BaseFlattenDiffuseMap.uexp" 282
"../../../Engine/Content/EngineMaterials/BaseFlattenEmissiveMap.uasset" 283
"../../../Engine/Content/EngineMaterials/BaseFlattenEmissiveMap.uexp" 284
"../../../Engine/Content/EngineMaterials/BaseFlattenGrayscaleMap.uasset" 285
"../../../Engine/Content/EngineMaterials/BaseFlattenGrayscaleMap.uexp" 286
"../../../Engine/Content/EngineMaterials/BaseFlattenLinearColor.uasset" 287
"../../../Engine/Content/EngineMaterials/BaseFlattenLinearColor.uexp" 288
"../../../Engine/Content/EngineMaterials/BaseFlattenNormalMap.uasset" 289
"../../../Engine/Content/EngineMaterials/BaseFlattenNormalMap.uexp" 290
"../../../Engine/Content/Functions/Engine_MaterialFunctions02/PivotPainter2/Black_1x1_EXR_Texture.uasset" 291
"../../../Engine/Content/Functions/Engine_MaterialFunctions02/PivotPainter2/Black_1x1_EXR_Texture.uexp" 292
"../../../Engine/Content/EngineMaterials/FlattenMaterial.uasset" 293
"../../../Engine/Content/EngineMaterials/FlattenMaterial.uexp" 294
"../../../Engine/Content/EngineMaterials/BaseFlattenDiffuseMap_VT.ubulk" 295
"../../../Engine/Content/EngineMaterials/BaseFlattenDiffuseMap_VT.uasset" 296
"../../../Engine/Content/EngineMaterials/BaseFlattenDiffuseMap_VT.uexp" 297
"../../../Engine/Content/EngineMaterials/BaseFlattenEmissiveMap_VT.ubulk" 298
"../../../Engine/Content/EngineMaterials/BaseFlattenEmissiveMap_VT.uasset" 299
"../../../Engine/Content/EngineMaterials/BaseFlattenEmissiveMap_VT.uexp" 300
"../../../Engine/Content/EngineMaterials/BaseFlattenGrayscaleMap_VT.ubulk" 301
"../../../Engine/Content/EngineMaterials/BaseFlattenGrayscaleMap_VT.uasset" 302
"../../../Engine/Content/EngineMaterials/BaseFlattenGrayscaleMap_VT.uexp" 303
"../../../Engine/Content/EngineMaterials/BaseFlattenLinearColor_VT.ubulk" 304
"../../../Engine/Content/EngineMaterials/BaseFlattenLinearColor_VT.uasset" 305
"../../../Engine/Content/EngineMaterials/BaseFlattenLinearColor_VT.uexp" 306
"../../../Engine/Content/EngineMaterials/BaseFlattenNormalMap_VT.ubulk" 307
"../../../Engine/Content/EngineMaterials/BaseFlattenNormalMap_VT.uasset" 308
"../../../Engine/Content/EngineMaterials/BaseFlattenNormalMap_VT.uexp" 309
"../../../Engine/Content/EngineMaterials/Black_1x1_EXR_Texture_VT.ubulk" 310
"../../../Engine/Content/EngineMaterials/Black_1x1_EXR_Texture_VT.uasset" 311
"../../../Engine/Content/EngineMaterials/Black_1x1_EXR_Texture_VT.uexp" 312
"../../../Engine/Content/EngineMaterials/FlattenMaterial_VT.uasset" 313
"../../../Engine/Content/EngineMaterials/FlattenMaterial_VT.uexp" 314
"../../../Engine/Content/EngineMaterials/FlattenMaterial_WS_Normal_VT.uasset" 315
"../../../Engine/Content/EngineMaterials/FlattenMaterial_WS_Normal_VT.uexp" 316
"../../../Engine/Content/EngineMaterials/GizmoMaterial.uasset" 317
"../../../Engine/Content/EngineMaterials/GizmoMaterial.uexp" 318
"../../../Engine/Content/EngineMaterials/WeightMapPlaceholderTexture.uasset" 319
"../../../Engine/Content/EngineMaterials/WeightMapPlaceholderTexture.uexp" 320
"../../../Engine/Content/EngineMaterials/WeightMapArrayPlaceholderTexture.uasset" 321
"../../../Engine/Content/EngineMaterials/WeightMapArrayPlaceholderTexture.uexp" 322
"../../../Engine/Content/EngineResources/WhiteSquareTexture.uasset" 323
"../../../Engine/Content/EngineResources/WhiteSquareTexture.uexp" 324
"../../../Engine/Content/EngineMaterials/Widget3DPassThrough.uasset" 325
"../../../Engine/Content/EngineMaterials/Widget3DPassThrough.uexp" 326
"../../../Engine/Content/EngineMaterials/Widget3DPassThrough_Masked.uasset" 327
"../../../Engine/Content/EngineMaterials/Widget3DPassThrough_Masked.uexp" 328
"../../../Engine/Content/EngineMaterials/Widget3DPassThrough_Opaque.uasset" 329
"../../../Engine/Content/EngineMaterials/Widget3DPassThrough_Opaque.uexp" 330
"../../../Engine/Content/EngineMaterials/Widget3DPassThrough_Masked_OneSided.uasset" 331
"../../../Engine/Content/EngineMaterials/Widget3DPassThrough_Masked_OneSided.uexp" 332
"../../../Engine/Content/EngineMaterials/Widget3DPassThrough_Opaque_OneSided.uasset" 333
"../../../Engine/Content/EngineMaterials/Widget3DPassThrough_Opaque_OneSided.uexp" 334
"../../../Engine/Content/EngineMaterials/Widget3DPassThrough_Translucent.uasset" 335
"../../../Engine/Content/EngineMaterials/Widget3DPassThrough_Translucent.uexp" 336
"../../../Engine/Content/EngineMaterials/Widget3DPassThrough_Translucent_OneSided.uasset" 337
"../../../Engine/Content/EngineMaterials/Widget3DPassThrough_Translucent_OneSided.uexp" 338
"../../../Engine/Content/Functions/Engine_MaterialFunctions02/SplitComponents.uasset" 339
"../../../Engine/Content/Functions/Engine_MaterialFunctions02/SplitComponents.uexp" 340
"../../../Engine/Content/Functions/Engine_MaterialFunctions02/Utility/BreakOutFloat3Components.uasset" 341
"../../../Engine/Content/Functions/Engine_MaterialFunctions02/Utility/BreakOutFloat3Components.uexp" 342
"../../../Engine/Content/Functions/Engine_MaterialFunctions02/Math/Transform3x3Matrix.uasset" 343
"../../../Engine/Content/Functions/Engine_MaterialFunctions02/Math/Transform3x3Matrix.uexp" 344
"../../../Engine/Content/VREditor/SnapGrid/SnapGridMaterial.uasset" 345
"../../../Engine/Content/VREditor/SnapGrid/SnapGridMaterial.uexp" 346
"../../../Engine/Content/VREditor/SnapGrid/SnapGridPlaneMesh.ubulk" 347
"../../../Engine/Content/VREditor/SnapGrid/SnapGridPlaneMesh.uasset" 348
"../../../Engine/Content/VREditor/SnapGrid/SnapGridPlaneMesh.uexp" 349
"../../../Engine/Content/VREditor/LaserPointer/VR_LaserPower_01.ubulk" 350
"../../../Engine/Content/VREditor/LaserPointer/VR_LaserPower_01.uasset" 351
"../../../Engine/Content/VREditor/LaserPointer/VR_LaserPower_01.uexp" 352
"../../../Engine/Content/VREditor/TransformGizmo/TransformGizmoMaterial.uasset" 353
"../../../Engine/Content/VREditor/TransformGizmo/TransformGizmoMaterial.uexp" 354
"../../../Engine/Content/VREditor/TransformGizmo/TranslucentTransformGizmoMaterial.uasset" 355
"../../../Engine/Content/VREditor/TransformGizmo/TranslucentTransformGizmoMaterial.uexp" 356
"../../../Engine/Content/VREditor/TransformGizmo/PlaneTranslationHandle.ubulk" 357
"../../../Engine/Content/VREditor/TransformGizmo/PlaneTranslationHandle.uasset" 358
"../../../Engine/Content/VREditor/TransformGizmo/PlaneTranslationHandle.uexp" 359
"../../../Engine/Content/VREditor/TransformGizmo/RotationHandleFull.ubulk" 360
"../../../Engine/Content/VREditor/TransformGizmo/RotationHandleFull.uasset" 361
"../../../Engine/Content/VREditor/TransformGizmo/RotationHandleFull.uexp" 362
"../../../Engine/Content/VREditor/TransformGizmo/RotationHandleIndicator.ubulk" 363
"../../../Engine/Content/VREditor/TransformGizmo/RotationHandleIndicator.uasset" 364
"../../../Engine/Content/VREditor/TransformGizmo/RotationHandleIndicator.uexp" 365
"../../../Engine/Content/VREditor/TransformGizmo/RotationHandleQuarter.ubulk" 366
"../../../Engine/Content/VREditor/TransformGizmo/RotationHandleQuarter.uasset" 367
"../../../Engine/Content/VREditor/TransformGizmo/RotationHandleQuarter.uexp" 368
"../../../Engine/Content/VREditor/TransformGizmo/StartRotationHandleIndicator.ubulk" 369
"../../../Engine/Content/VREditor/TransformGizmo/StartRotationHandleIndicator.uasset" 370
"../../../Engine/Content/VREditor/TransformGizmo/StartRotationHandleIndicator.uexp" 371
"../../../Engine/Content/VREditor/TransformGizmo/TranslucentTransformGizmoMaterial_Inst.uasset" 372
"../../../Engine/Content/VREditor/TransformGizmo/TranslucentTransformGizmoMaterial_Inst.uexp" 373
"../../../Engine/Content/VREditor/TransformGizmo/TransformGizmoFreeRotation.ubulk" 374
"../../../Engine/Content/VREditor/TransformGizmo/TransformGizmoFreeRotation.uasset" 375
"../../../Engine/Content/VREditor/TransformGizmo/TransformGizmoFreeRotation.uexp" 376
"../../../Engine/Content/VREditor/TransformGizmo/TransformGizmoMaterial_Inst.uasset" 377
"../../../Engine/Content/VREditor/TransformGizmo/TransformGizmoMaterial_Inst.uexp" 378
"../../../Engine/Content/VREditor/TransformGizmo/TranslateArrowHandle.ubulk" 379
"../../../Engine/Content/VREditor/TransformGizmo/TranslateArrowHandle.uasset" 380
"../../../Engine/Content/VREditor/TransformGizmo/TranslateArrowHandle.uexp" 381
"../../../Engine/Content/VREditor/TransformGizmo/UniformScaleHandle.ubulk" 382
"../../../Engine/Content/VREditor/TransformGizmo/UniformScaleHandle.uasset" 383
"../../../Engine/Content/VREditor/TransformGizmo/UniformScaleHandle.uexp" 384
"../../../Engine/Content/VREditor/Sounds/UI/Drop_Item_From_ContentBrowser.ubulk" 385
"../../../Engine/Content/VREditor/Sounds/UI/Drop_Item_From_ContentBrowser.uasset" 386
"../../../Engine/Content/VREditor/Sounds/UI/Drop_Item_From_ContentBrowser.uexp" 387
"../../../Engine/Content/VREditor/Sounds/UI/Gizmo_Handle_Clicked.ubulk" 388
"../../../Engine/Content/VREditor/Sounds/UI/Gizmo_Handle_Clicked.uasset" 389
"../../../Engine/Content/VREditor/Sounds/UI/Gizmo_Handle_Clicked.uexp" 390
"../../../Engine/Content/VREditor/Sounds/UI/Object_PickUp.ubulk" 391
"../../../Engine/Content/VREditor/Sounds/UI/Object_PickUp.uasset" 392
"../../../Engine/Content/VREditor/Sounds/UI/Object_PickUp.uexp" 393
"../../../Engine/Content/VREditor/Sounds/UI/Object_Snaps_To_Another_Actor.ubulk" 394
"../../../Engine/Content/VREditor/Sounds/UI/Object_Snaps_To_Another_Actor.uasset" 395
"../../../Engine/Content/VREditor/Sounds/UI/Object_Snaps_To_Another_Actor.uexp" 396
"../../../Engine/Content/VREditor/Sounds/UI/Object_Snaps_To_Grid.ubulk" 397
"../../../Engine/Content/VREditor/Sounds/UI/Object_Snaps_To_Grid.uasset" 398
"../../../Engine/Content/VREditor/Sounds/UI/Object_Snaps_To_Grid.uexp" 399
"../../../Engine/Content/VREditor/Sounds/UI/Scaling_Down.ubulk" 400
"../../../Engine/Content/VREditor/Sounds/UI/Scaling_Down.uasset" 401
"../../../Engine/Content/VREditor/Sounds/UI/Scaling_Down.uexp" 402
"../../../Engine/Content/VREditor/Sounds/UI/Scaling_Up.ubulk" 403
"../../../Engine/Content/VREditor/Sounds/UI/Scaling_Up.uasset" 404
"../../../Engine/Content/VREditor/Sounds/UI/Scaling_Up.uexp" 405
"../../../Engine/Content/VREditor/Sounds/UI/Selection_Changes.ubulk" 406
"../../../Engine/Content/VREditor/Sounds/UI/Selection_Changes.uasset" 407
"../../../Engine/Content/VREditor/Sounds/UI/Selection_Changes.uexp" 408
"../../../Engine/Content/EngineMaterials/MiniFont.uasset" 409
"../../../Engine/Content/EngineMaterials/MiniFont.uexp" 410
"../../../Engine/Plugins/Animation/ControlRig/Content/Controls/ControlRig_RoundedSquare_3mm.ubulk" 411
"../../../Engine/Plugins/Animation/ControlRig/Content/Controls/ControlRig_RoundedSquare_3mm.uasset" 412
"../../../Engine/Plugins/Animation/ControlRig/Content/Controls/ControlRig_RoundedSquare_3mm.uexp" 413
"../../../Engine/Content/EngineMaterials/InvalidLightmapSettings.ubulk" 414
"../../../Engine/Content/EngineMaterials/InvalidLightmapSettings.uasset" 415
"../../../Engine/Content/EngineMaterials/InvalidLightmapSettings.uexp" 416
"../../../Engine/Content/EngineMaterials/M_InvalidLightmapSettings.uasset" 417
"../../../Engine/Content/EngineMaterials/M_InvalidLightmapSettings.uexp" 418
"../../../Engine/Content/EngineMaterials/NaniteHiddenSectionMaterial.uasset" 419
"../../../Engine/Content/EngineMaterials/NaniteHiddenSectionMaterial.uexp" 420
"../../../Engine/Plugins/Animation/ControlRig/Content/Controls/ControlRig_RoundedSquare_solid.ubulk" 421
"../../../Engine/Plugins/Animation/ControlRig/Content/Controls/ControlRig_RoundedSquare_solid.uasset" 422
"../../../Engine/Plugins/Animation/ControlRig/Content/Controls/ControlRig_RoundedSquare_solid.uexp" 423
"../../../Engine/Plugins/Animation/ControlRig/Content/Controls/ControlRig_RoundedTriangle_1mm.ubulk" 424
"../../../Engine/Plugins/Animation/ControlRig/Content/Controls/ControlRig_RoundedTriangle_1mm.uasset" 425
"../../../Engine/Plugins/Animation/ControlRig/Content/Controls/ControlRig_RoundedTriangle_1mm.uexp" 426
"../../../Engine/Plugins/Animation/ControlRig/Content/Controls/ControlRigGizmoMaterial.uasset" 427
"../../../Engine/Plugins/Animation/ControlRig/Content/Controls/ControlRigGizmoMaterial.uexp" 428
"../../../Engine/Plugins/Animation/ControlRig/Content/Controls/ControlRig_RoundedTriangle_3mm.ubulk" 429
"../../../Engine/Plugins/Animation/ControlRig/Content/Controls/ControlRig_RoundedTriangle_3mm.uasset" 430
"../../../Engine/Plugins/Animation/ControlRig/Content/Controls/ControlRig_RoundedTriangle_3mm.uexp" 431
"../../../Engine/Plugins/Animation/ControlRig/Content/Controls/ControlRigXRayMaterial.uasset" 432
"../../../Engine/Plugins/Animation/ControlRig/Content/Controls/ControlRigXRayMaterial.uexp" 433
"../../../Engine/Plugins/Animation/ControlRig/Content/Controls/ControlRig_RoundedTriangle_solid.ubulk" 434
"../../../Engine/Plugins/Animation/ControlRig/Content/Controls/ControlRig_RoundedTriangle_solid.uasset" 435
"../../../Engine/Plugins/Animation/ControlRig/Content/Controls/ControlRig_RoundedTriangle_solid.uexp" 436
"../../../Engine/Plugins/Animation/ControlRig/Content/Controls/ControlRig_Arrow2_1mm.ubulk" 437
"../../../Engine/Plugins/Animation/ControlRig/Content/Controls/ControlRig_Arrow2_1mm.uasset" 438
"../../../Engine/Plugins/Animation/ControlRig/Content/Controls/ControlRig_Arrow2_1mm.uexp" 439
"../../../Engine/Content/EngineMaterials/PhAT_JointLimitMaterial.uasset" 440
"../../../Engine/Content/EngineMaterials/PhAT_JointLimitMaterial.uexp" 441
"../../../Engine/Plugins/Animation/ControlRig/Content/Controls/ControlRig_Sphere_1mm.ubulk" 442
"../../../Engine/Plugins/Animation/ControlRig/Content/Controls/ControlRig_Sphere_1mm.uasset" 443
"../../../Engine/Plugins/Animation/ControlRig/Content/Controls/ControlRig_Sphere_1mm.uexp" 444
"../../../Engine/Plugins/Animation/ControlRig/Content/Controls/ControlRig_Arrow2_3mm.ubulk" 445
"../../../Engine/Plugins/Animation/ControlRig/Content/Controls/ControlRig_Arrow2_3mm.uasset" 446
"../../../Engine/Plugins/Animation/ControlRig/Content/Controls/ControlRig_Arrow2_3mm.uexp" 447
"../../../Engine/Plugins/Animation/ControlRig/Content/Controls/ControlRig_Sphere_3mm.ubulk" 448
"../../../Engine/Plugins/Animation/ControlRig/Content/Controls/ControlRig_Sphere_3mm.uasset" 449
"../../../Engine/Plugins/Animation/ControlRig/Content/Controls/ControlRig_Sphere_3mm.uexp" 450
"../../../Engine/Plugins/Animation/ControlRig/Content/Controls/ControlRig_Arrow2_solid.ubulk" 451
"../../../Engine/Plugins/Animation/ControlRig/Content/Controls/ControlRig_Arrow2_solid.uasset" 452
"../../../Engine/Plugins/Animation/ControlRig/Content/Controls/ControlRig_Arrow2_solid.uexp" 453
"../../../Engine/Content/EngineMaterials/DefaultCalibrationColor.uasset" 454
"../../../Engine/Content/EngineMaterials/DefaultCalibrationColor.uexp" 455
"../../../Engine/Content/EngineMaterials/PPM_DefaultCalibrationColor.uasset" 456
"../../../Engine/Content/EngineMaterials/PPM_DefaultCalibrationColor.uexp" 457
"../../../Engine/Content/EngineMeshes/Sphere.ubulk" 458
"../../../Engine/Content/EngineMeshes/Sphere.uasset" 459
"../../../Engine/Content/EngineMeshes/Sphere.uexp" 460
"../../../Engine/Plugins/Animation/ControlRig/Content/Controls/ControlRig_Sphere_solid.ubulk" 461
"../../../Engine/Plugins/Animation/ControlRig/Content/Controls/ControlRig_Sphere_solid.uasset" 462
"../../../Engine/Plugins/Animation/ControlRig/Content/Controls/ControlRig_Sphere_solid.uexp" 463
"../../../Engine/Plugins/Animation/ControlRig/Content/Controls/ControlRig_Arrow4_1mm.ubulk" 464
"../../../Engine/Plugins/Animation/ControlRig/Content/Controls/ControlRig_Arrow4_1mm.uasset" 465
"../../../Engine/Plugins/Animation/ControlRig/Content/Controls/ControlRig_Arrow4_1mm.uexp" 466
"../../../Engine/Content/EngineMaterials/DefaultCalibrationGrayscale.uasset" 467
"../../../Engine/Content/EngineMaterials/DefaultCalibrationGrayscale.uexp" 468
"../../../Engine/Content/EngineMaterials/PPM_DefaultCalibrationGrayscale.uasset" 469
"../../../Engine/Content/EngineMaterials/PPM_DefaultCalibrationGrayscale.uexp" 470
"../../../Engine/Plugins/Animation/ControlRig/Content/Controls/ControlRig_Square_1mm.ubulk" 471
"../../../Engine/Plugins/Animation/ControlRig/Content/Controls/ControlRig_Square_1mm.uasset" 472
"../../../Engine/Plugins/Animation/ControlRig/Content/Controls/ControlRig_Square_1mm.uexp" 473
"../../../Engine/Plugins/Animation/ControlRig/Content/Controls/ControlRig_Arrow4_3mm.ubulk" 474
"../../../Engine/Plugins/Animation/ControlRig/Content/Controls/ControlRig_Arrow4_3mm.uasset" 475
"../../../Engine/Plugins/Animation/ControlRig/Content/Controls/ControlRig_Arrow4_3mm.uexp" 476
"../../../Engine/Plugins/Animation/ControlRig/Content/Controls/ControlRig_Square_3mm.ubulk" 477
"../../../Engine/Plugins/Animation/ControlRig/Content/Controls/ControlRig_Square_3mm.uasset" 478
"../../../Engine/Plugins/Animation/ControlRig/Content/Controls/ControlRig_Square_3mm.uexp" 479
"../../../Engine/Plugins/Animation/ControlRig/Content/Controls/ControlRig_Arrow4_solid.ubulk" 480
"../../../Engine/Plugins/Animation/ControlRig/Content/Controls/ControlRig_Arrow4_solid.uasset" 481
"../../../Engine/Plugins/Animation/ControlRig/Content/Controls/ControlRig_Arrow4_solid.uexp" 482
"../../../Engine/Plugins/Animation/ControlRig/Content/Controls/ControlRig_Arrow_1mm.ubulk" 483
"../../../Engine/Plugins/Animation/ControlRig/Content/Controls/ControlRig_Arrow_1mm.uasset" 484
"../../../Engine/Plugins/Animation/ControlRig/Content/Controls/ControlRig_Arrow_1mm.uexp" 485
"../../../Engine/Plugins/Animation/ControlRig/Content/Controls/ControlRig_Arrow_3mm.ubulk" 486
"../../../Engine/Plugins/Animation/ControlRig/Content/Controls/ControlRig_Arrow_3mm.uasset" 487
"../../../Engine/Plugins/Animation/ControlRig/Content/Controls/ControlRig_Arrow_3mm.uexp" 488
"../../../Engine/Plugins/Animation/ControlRig/Content/Controls/ControlRig_Square_solid.ubulk" 489
"../../../Engine/Plugins/Animation/ControlRig/Content/Controls/ControlRig_Square_solid.uasset" 490
"../../../Engine/Plugins/Animation/ControlRig/Content/Controls/ControlRig_Square_solid.uexp" 491
"../../../Engine/Plugins/Animation/ControlRig/Content/Controls/ControlRig_Arrow_solid.ubulk" 492
"../../../Engine/Plugins/Animation/ControlRig/Content/Controls/ControlRig_Arrow_solid.uasset" 493
"../../../Engine/Plugins/Animation/ControlRig/Content/Controls/ControlRig_Arrow_solid.uexp" 494
"../../../Engine/Plugins/Animation/ControlRig/Content/Controls/ControlRig_Star4_1mm.ubulk" 495
"../../../Engine/Plugins/Animation/ControlRig/Content/Controls/ControlRig_Star4_1mm.uasset" 496
"../../../Engine/Plugins/Animation/ControlRig/Content/Controls/ControlRig_Star4_1mm.uexp" 497
"../../../Engine/Plugins/Animation/ControlRig/Content/Controls/ControlRig_Box_1mm.ubulk" 498
"../../../Engine/Plugins/Animation/ControlRig/Content/Controls/ControlRig_Box_1mm.uasset" 499
"../../../Engine/Plugins/Animation/ControlRig/Content/Controls/ControlRig_Box_1mm.uexp" 500
"../../../Engine/Plugins/Animation/ControlRig/Content/Controls/ControlRig_Star4_3mm.ubulk" 501
"../../../Engine/Plugins/Animation/ControlRig/Content/Controls/ControlRig_Star4_3mm.uasset" 502
"../../../Engine/Plugins/Animation/ControlRig/Content/Controls/ControlRig_Star4_3mm.uexp" 503
"../../../Engine/Plugins/Animation/ControlRig/Content/Controls/ControlRig_Box_3mm.ubulk" 504
"../../../Engine/Plugins/Animation/ControlRig/Content/Controls/ControlRig_Box_3mm.uasset" 505
"../../../Engine/Plugins/Animation/ControlRig/Content/Controls/ControlRig_Box_3mm.uexp" 506
"../../../Engine/Plugins/Animation/ControlRig/Content/Controls/ControlRig_Star4_solid.ubulk" 507
"../../../Engine/Plugins/Animation/ControlRig/Content/Controls/ControlRig_Star4_solid.uasset" 508
"../../../Engine/Plugins/Animation/ControlRig/Content/Controls/ControlRig_Star4_solid.uexp" 509
"../../../Engine/Plugins/Animation/ControlRig/Content/Controls/ControlRig_Box_solid.ubulk" 510
"../../../Engine/Plugins/Animation/ControlRig/Content/Controls/ControlRig_Box_solid.uasset" 511
"../../../Engine/Plugins/Animation/ControlRig/Content/Controls/ControlRig_Box_solid.uexp" 512
"../../../Engine/Plugins/Animation/ControlRig/Content/Controls/ControlRig_Triangle_1mm.ubulk" 513
"../../../Engine/Plugins/Animation/ControlRig/Content/Controls/ControlRig_Triangle_1mm.uasset" 514
"../../../Engine/Plugins/Animation/ControlRig/Content/Controls/ControlRig_Triangle_1mm.uexp" 515
"../../../Engine/Content/EngineResources/Black.uasset" 516
"../../../Engine/Content/EngineResources/Black.uexp" 517
"../../../Engine/Plugins/Animation/ControlRig/Content/Controls/ControlRig_Circle_1mm.ubulk" 518
"../../../Engine/Plugins/Animation/ControlRig/Content/Controls/ControlRig_Circle_1mm.uasset" 519
"../../../Engine/Plugins/Animation/ControlRig/Content/Controls/ControlRig_Circle_1mm.uexp" 520
"../../../Engine/Plugins/Animation/ControlRig/Content/Controls/ControlRig_Triangle_3mm.ubulk" 521
"../../../Engine/Plugins/Animation/ControlRig/Content/Controls/ControlRig_Triangle_3mm.uasset" 522
"../../../Engine/Plugins/Animation/ControlRig/Content/Controls/ControlRig_Triangle_3mm.uexp" 523
"../../../Engine/Plugins/Animation/ControlRig/Content/Controls/ControlRig_Circle_3mm.ubulk" 524
"../../../Engine/Plugins/Animation/ControlRig/Content/Controls/ControlRig_Circle_3mm.uasset" 525
"../../../Engine/Plugins/Animation/ControlRig/Content/Controls/ControlRig_Circle_3mm.uexp" 526
"../../../Engine/Plugins/Animation/ControlRig/Content/Controls/ControlRig_Triangle_solid.ubulk" 527
"../../../Engine/Plugins/Animation/ControlRig/Content/Controls/ControlRig_Triangle_solid.uasset" 528
"../../../Engine/Plugins/Animation/ControlRig/Content/Controls/ControlRig_Triangle_solid.uexp" 529
"../../../Engine/Plugins/Animation/ControlRig/Content/Controls/ControlRig_Circle_solid.ubulk" 530
"../../../Engine/Plugins/Animation/ControlRig/Content/Controls/ControlRig_Circle_solid.uasset" 531
"../../../Engine/Plugins/Animation/ControlRig/Content/Controls/ControlRig_Circle_solid.uexp" 532
"../../../Engine/Plugins/Animation/ControlRig/Content/Controls/ControlRig_Wedge_1mm.ubulk" 533
"../../../Engine/Plugins/Animation/ControlRig/Content/Controls/ControlRig_Wedge_1mm.uasset" 534
"../../../Engine/Plugins/Animation/ControlRig/Content/Controls/ControlRig_Wedge_1mm.uexp" 535
"../../../Engine/Plugins/Animation/ControlRig/Content/Controls/ControlRig_Diamond_1mm.ubulk" 536
"../../../Engine/Plugins/Animation/ControlRig/Content/Controls/ControlRig_Diamond_1mm.uasset" 537
"../../../Engine/Plugins/Animation/ControlRig/Content/Controls/ControlRig_Diamond_1mm.uexp" 538
"../../../Engine/Plugins/Animation/ControlRig/Content/Controls/ControlRig_Wedge_3mm.ubulk" 539
"../../../Engine/Plugins/Animation/ControlRig/Content/Controls/ControlRig_Wedge_3mm.uasset" 540
"../../../Engine/Plugins/Animation/ControlRig/Content/Controls/ControlRig_Wedge_3mm.uexp" 541
"../../../Engine/Content/EngineResources/DefaultTexture.ubulk" 542
"../../../Engine/Content/EngineResources/DefaultTexture.uasset" 543
"../../../Engine/Content/EngineResources/DefaultTexture.uexp" 544
"../../../Engine/Plugins/Animation/ControlRig/Content/Controls/ControlRig_Wedge_solid.ubulk" 545
"../../../Engine/Plugins/Animation/ControlRig/Content/Controls/ControlRig_Wedge_solid.uasset" 546
"../../../Engine/Plugins/Animation/ControlRig/Content/Controls/ControlRig_Wedge_solid.uexp" 547
"../../../Engine/Plugins/Animation/ControlRig/Content/Controls/ControlRig_Diamond_3mm.ubulk" 548
"../../../Engine/Plugins/Animation/ControlRig/Content/Controls/ControlRig_Diamond_3mm.uasset" 549
"../../../Engine/Plugins/Animation/ControlRig/Content/Controls/ControlRig_Diamond_3mm.uexp" 550
"../../../Engine/Content/EngineResources/DefaultTextureCube.uasset" 551
"../../../Engine/Content/EngineResources/DefaultTextureCube.uexp" 552
"../../../Engine/Plugins/Animation/ControlRig/Content/Controls/ControlRig_Diamond_solid.ubulk" 553
"../../../Engine/Plugins/Animation/ControlRig/Content/Controls/ControlRig_Diamond_solid.uasset" 554
"../../../Engine/Plugins/Animation/ControlRig/Content/Controls/ControlRig_Diamond_solid.uexp" 555
"../../../Engine/Plugins/Animation/ControlRig/Content/Controls/ControlRig_HalfCircle_1mm.ubulk" 556
"../../../Engine/Plugins/Animation/ControlRig/Content/Controls/ControlRig_HalfCircle_1mm.uasset" 557
"../../../Engine/Plugins/Animation/ControlRig/Content/Controls/ControlRig_HalfCircle_1mm.uexp" 558
"../../../Engine/Content/EngineResources/DefaultVolumeTexture2D.uasset" 559
"../../../Engine/Content/EngineResources/DefaultVolumeTexture2D.uexp" 560
"../../../Engine/Content/EngineResources/DefaultVolumeTexture.uasset" 561
"../../../Engine/Content/EngineResources/DefaultVolumeTexture.uexp" 562
"../../../Engine/Plugins/Animation/ControlRig/Content/Controls/ControlRig_HalfCircle_3mm.ubulk" 563
"../../../Engine/Plugins/Animation/ControlRig/Content/Controls/ControlRig_HalfCircle_3mm.uasset" 564
"../../../Engine/Plugins/Animation/ControlRig/Content/Controls/ControlRig_HalfCircle_3mm.uexp" 565
"../../../Engine/Content/Functions/Engine_MaterialFunctions02/Utility/VectorLength.uasset" 566
"../../../Engine/Content/Functions/Engine_MaterialFunctions02/Utility/VectorLength.uexp" 567
"../../../Engine/Content/Functions/Engine_MaterialFunctions02/WorldPositionOffset/ObjectScale.uasset" 568
"../../../Engine/Content/Functions/Engine_MaterialFunctions02/WorldPositionOffset/ObjectScale.uexp" 569
"../../../Engine/Plugins/Editor/SpeedTreeImporter/Content/SpeedTree9/Empty.uasset" 570
"../../../Engine/Plugins/Editor/SpeedTreeImporter/Content/SpeedTree9/Empty.uexp" 571
"../../../Engine/Plugins/Editor/SpeedTreeImporter/Content/SpeedTree9/EmptyNormal.uasset" 572
"../../../Engine/Plugins/Editor/SpeedTreeImporter/Content/SpeedTree9/EmptyNormal.uexp" 573
"../../../Engine/Plugins/Editor/SpeedTreeImporter/Content/SpeedTree9/game_wind_noise.ubulk" 574
"../../../Engine/Plugins/Editor/SpeedTreeImporter/Content/SpeedTree9/game_wind_noise.uasset" 575
"../../../Engine/Plugins/Editor/SpeedTreeImporter/Content/SpeedTree9/game_wind_noise.uexp" 576
"../../../Engine/Plugins/Editor/SpeedTreeImporter/Content/SpeedTree9/SpeedTreeBillboard.uasset" 577
"../../../Engine/Plugins/Editor/SpeedTreeImporter/Content/SpeedTree9/SpeedTreeBillboard.uexp" 578
"../../../Engine/Content/Functions/Engine_MaterialFunctions02/SafeNormalize.uasset" 579
"../../../Engine/Content/Functions/Engine_MaterialFunctions02/SafeNormalize.uexp" 580
"../../../Engine/Plugins/Editor/SpeedTreeImporter/Content/SpeedTree9/SpeedTreeWindMotion.uasset" 581
"../../../Engine/Plugins/Editor/SpeedTreeImporter/Content/SpeedTree9/SpeedTreeWindMotion.uexp" 582
"../../../Engine/Plugins/Editor/SpeedTreeImporter/Content/SpeedTree9/UnpackDirection.uasset" 583
"../../../Engine/Plugins/Editor/SpeedTreeImporter/Content/SpeedTree9/UnpackDirection.uexp" 584
"../../../Engine/Plugins/Editor/SpeedTreeImporter/Content/SpeedTree9/UnpackInteger3.uasset" 585
"../../../Engine/Plugins/Editor/SpeedTreeImporter/Content/SpeedTree9/UnpackInteger3.uexp" 586
"../../../Engine/Plugins/Editor/SpeedTreeImporter/Content/SpeedTree9/SpeedTreeBranchMotion.uasset" 587
"../../../Engine/Plugins/Editor/SpeedTreeImporter/Content/SpeedTree9/SpeedTreeBranchMotion.uexp" 588
"../../../Engine/Content/Functions/Engine_MaterialFunctions02/ObjectLocalBounds.uasset" 589
"../../../Engine/Content/Functions/Engine_MaterialFunctions02/ObjectLocalBounds.uexp" 590
"../../../Engine/Content/Functions/Engine_MaterialFunctions02/UVs/BoundingBoxBased_0-1_UVW.uasset" 591
"../../../Engine/Content/Functions/Engine_MaterialFunctions02/UVs/BoundingBoxBased_0-1_UVW.uexp" 592
"../../../Engine/Plugins/Editor/SpeedTreeImporter/Content/SpeedTree9/SpeedTreeWind.uasset" 593
"../../../Engine/Plugins/Editor/SpeedTreeImporter/Content/SpeedTree9/SpeedTreeWind.uexp" 594
"../../../Engine/Plugins/Editor/SpeedTreeImporter/Content/SpeedTree9/SpeedTreeBillboardMaster.uasset" 595
"../../../Engine/Plugins/Editor/SpeedTreeImporter/Content/SpeedTree9/SpeedTreeBillboardMaster.uexp" 596
"../../../Engine/Plugins/Animation/ControlRig/Content/Controls/ControlRig_HalfCircle_solid.ubulk" 597
"../../../Engine/Plugins/Animation/ControlRig/Content/Controls/ControlRig_HalfCircle_solid.uasset" 598
"../../../Engine/Plugins/Animation/ControlRig/Content/Controls/ControlRig_HalfCircle_solid.uexp" 599
"../../../Engine/Plugins/Editor/SpeedTreeImporter/Content/SpeedTree9/SpeedTreeCameraFacing.uasset" 600
"../../../Engine/Plugins/Editor/SpeedTreeImporter/Content/SpeedTree9/SpeedTreeCameraFacing.uexp" 601
"../../../Engine/Plugins/Editor/SpeedTreeImporter/Content/SpeedTree9/SpeedTreeMaster.uasset" 602
"../../../Engine/Plugins/Editor/SpeedTreeImporter/Content/SpeedTree9/SpeedTreeMaster.uexp" 603
"../../../Engine/Content/EngineResources/GradientTexture0.uasset" 604
"../../../Engine/Content/EngineResources/GradientTexture0.uexp" 605
"../../../Engine/Plugins/Animation/ControlRig/Content/Controls/ControlRig_Hexagon_1mm.ubulk" 606
"../../../Engine/Plugins/Animation/ControlRig/Content/Controls/ControlRig_Hexagon_1mm.uasset" 607
"../../../Engine/Plugins/Animation/ControlRig/Content/Controls/ControlRig_Hexagon_1mm.uexp" 608
"../../../Engine/Plugins/Animation/ControlRig/Content/Controls/ControlRig_Hexagon_3mm.ubulk" 609
"../../../Engine/Plugins/Animation/ControlRig/Content/Controls/ControlRig_Hexagon_3mm.uasset" 610
"../../../Engine/Plugins/Animation/ControlRig/Content/Controls/ControlRig_Hexagon_3mm.uexp" 611
"../../../Engine/Plugins/Animation/ControlRig/Content/Controls/ControlRig_Hexagon_solid.ubulk" 612
"../../../Engine/Plugins/Animation/ControlRig/Content/Controls/ControlRig_Hexagon_solid.uasset" 613
"../../../Engine/Plugins/Animation/ControlRig/Content/Controls/ControlRig_Hexagon_solid.uexp" 614
"../../../Engine/Plugins/Animation/ControlRig/Content/Controls/ControlRig_Octagon_1mm.ubulk" 615
"../../../Engine/Plugins/Animation/ControlRig/Content/Controls/ControlRig_Octagon_1mm.uasset" 616
"../../../Engine/Plugins/Animation/ControlRig/Content/Controls/ControlRig_Octagon_1mm.uexp" 617
"../../../Engine/Plugins/Animation/ControlRig/Content/Controls/ControlRig_Octagon_3mm.ubulk" 618
"../../../Engine/Plugins/Animation/ControlRig/Content/Controls/ControlRig_Octagon_3mm.uasset" 619
"../../../Engine/Plugins/Animation/ControlRig/Content/Controls/ControlRig_Octagon_3mm.uexp" 620
"../../../Engine/Plugins/Animation/ControlRig/Content/Controls/ControlRig_Octagon_solid.ubulk" 621
"../../../Engine/Plugins/Animation/ControlRig/Content/Controls/ControlRig_Octagon_solid.uasset" 622
"../../../Engine/Plugins/Animation/ControlRig/Content/Controls/ControlRig_Octagon_solid.uexp" 623
"../../../Engine/Plugins/Animation/ControlRig/Content/Controls/ControlRig_Pyramid_1mm.ubulk" 624
"../../../Engine/Plugins/Animation/ControlRig/Content/Controls/ControlRig_Pyramid_1mm.uasset" 625
"../../../Engine/Plugins/Animation/ControlRig/Content/Controls/ControlRig_Pyramid_1mm.uexp" 626
"../../../Engine/Plugins/Animation/ControlRig/Content/Controls/ControlRig_Pyramid_3mm.ubulk" 627
"../../../Engine/Plugins/Animation/ControlRig/Content/Controls/ControlRig_Pyramid_3mm.uasset" 628
"../../../Engine/Plugins/Animation/ControlRig/Content/Controls/ControlRig_Pyramid_3mm.uexp" 629
"../../../Engine/Plugins/Animation/ControlRig/Content/Controls/ControlRig_Pyramid_solid.ubulk" 630
"../../../Engine/Plugins/Animation/ControlRig/Content/Controls/ControlRig_Pyramid_solid.uasset" 631
"../../../Engine/Plugins/Animation/ControlRig/Content/Controls/ControlRig_Pyramid_solid.uexp" 632
"../../../Engine/Plugins/Animation/ControlRig/Content/Controls/ControlRig_QuarterCircle_1mm.ubulk" 633
"../../../Engine/Plugins/Animation/ControlRig/Content/Controls/ControlRig_QuarterCircle_1mm.uasset" 634
"../../../Engine/Plugins/Animation/ControlRig/Content/Controls/ControlRig_QuarterCircle_1mm.uexp" 635
"../../../Engine/Plugins/Animation/ControlRig/Content/Controls/ControlRig_QuarterCircle_3mm.ubulk" 636
"../../../Engine/Plugins/Animation/ControlRig/Content/Controls/ControlRig_QuarterCircle_3mm.uasset" 637
"../../../Engine/Plugins/Animation/ControlRig/Content/Controls/ControlRig_QuarterCircle_3mm.uexp" 638
"../../../Engine/Plugins/Animation/ControlRig/Content/Controls/ControlRig_QuarterCircle_solid.ubulk" 639
"../../../Engine/Plugins/Animation/ControlRig/Content/Controls/ControlRig_QuarterCircle_solid.uasset" 640
"../../../Engine/Plugins/Animation/ControlRig/Content/Controls/ControlRig_QuarterCircle_solid.uexp" 641
"../../../Engine/Plugins/Animation/ControlRig/Content/Controls/ControlRig_RoundedSquare_1mm.ubulk" 642
"../../../Engine/Plugins/Animation/ControlRig/Content/Controls/ControlRig_RoundedSquare_1mm.uasset" 643
"../../../Engine/Plugins/Animation/ControlRig/Content/Controls/ControlRig_RoundedSquare_1mm.uexp" 644
"../../../Engine/Plugins/Interchange/Assets/Content/Functions/MX_ChiangHairBSDF.uasset" 645
"../../../Engine/Plugins/Interchange/Assets/Content/Functions/MX_ChiangHairBSDF.uexp" 646
"../../../Engine/Plugins/Interchange/Assets/Content/Functions/MX_ConductorBSDF.uasset" 647
"../../../Engine/Plugins/Interchange/Assets/Content/Functions/MX_ConductorBSDF.uexp" 648
"../../../Engine/Plugins/Interchange/Assets/Content/Functions/MX_ConicalEDF.uasset" 649
"../../../Engine/Plugins/Interchange/Assets/Content/Functions/MX_ConicalEDF.uexp" 650
"../../../Engine/Plugins/Interchange/Assets/Content/Functions/MX_DielectricBSDF.uasset" 651
"../../../Engine/Plugins/Interchange/Assets/Content/Functions/MX_DielectricBSDF.uexp" 652
"../../../Engine/Plugins/Interchange/Assets/Content/Functions/MX_Displacement.uasset" 653
"../../../Engine/Plugins/Interchange/Assets/Content/Functions/MX_Displacement.uexp" 654
"../../../Engine/Plugins/Interchange/Assets/Content/Functions/MX_GeneralizedSchlickBSDF.uasset" 655
"../../../Engine/Plugins/Interchange/Assets/Content/Functions/MX_GeneralizedSchlickBSDF.uexp" 656
"../../../Engine/Plugins/Interchange/Assets/Content/Functions/MX_MeasuredEDF.uasset" 657
"../../../Engine/Plugins/Interchange/Assets/Content/Functions/MX_MeasuredEDF.uexp" 658
"../../../Engine/Plugins/Interchange/Assets/Content/Functions/MF_IridescenceNoLUT.uasset" 659
"../../../Engine/Plugins/Interchange/Assets/Content/Functions/MF_IridescenceNoLUT.uexp" 660
"../../../Engine/Plugins/Interchange/Assets/Content/Functions/MX_StandardSurface.uasset" 661
"../../../Engine/Plugins/Interchange/Assets/Content/Functions/MX_StandardSurface.uexp" 662
"../../../Engine/Plugins/Interchange/Assets/Content/Functions/MX_OpenPBR_Opaque.uasset" 663
"../../../Engine/Plugins/Interchange/Assets/Content/Functions/MX_OpenPBR_Opaque.uexp" 664
"../../../Engine/Plugins/Interchange/Assets/Content/Functions/MX_TransmissionSurface.uasset" 665
"../../../Engine/Plugins/Interchange/Assets/Content/Functions/MX_TransmissionSurface.uexp" 666
"../../../Engine/Plugins/Interchange/Assets/Content/Functions/MX_OpenPBR_Translucent.uasset" 667
"../../../Engine/Plugins/Interchange/Assets/Content/Functions/MX_OpenPBR_Translucent.uexp" 668
"../../../Engine/Plugins/Interchange/Assets/Content/Functions/MX_OrenNayarBSDF.uasset" 669
"../../../Engine/Plugins/Interchange/Assets/Content/Functions/MX_OrenNayarBSDF.uexp" 670
"../../../Engine/Plugins/Experimental/MeshModelingToolsetExp/Content/Materials/GetDisplacementVectorForDepthBias.uasset" 671
"../../../Engine/Plugins/Experimental/MeshModelingToolsetExp/Content/Materials/GetDisplacementVectorForDepthBias.uexp" 672
"../../../Engine/Content/Functions/Engine_MaterialFunctions03/Viewport/MF_OrthoWidth.uasset" 673
"../../../Engine/Content/Functions/Engine_MaterialFunctions03/Viewport/MF_OrthoWidth.uexp" 674
"../../../Engine/Content/Functions/Engine_MaterialFunctions02/Utility/FOV.uasset" 675
"../../../Engine/Content/Functions/Engine_MaterialFunctions02/Utility/FOV.uexp" 676
"../../../Engine/Content/Functions/Engine_MaterialFunctions02/WorldPositionOffset/V2/ObjectScale.uasset" 677
"../../../Engine/Content/Functions/Engine_MaterialFunctions02/WorldPositionOffset/V2/ObjectScale.uexp" 678
"../../../Engine/Plugins/Experimental/MeshModelingToolsetExp/Content/Materials/PointSetOverlaidComponentMaterial.uasset" 679
"../../../Engine/Plugins/Experimental/MeshModelingToolsetExp/Content/Materials/PointSetOverlaidComponentMaterial.uexp" 680
"../../../Engine/Plugins/Interchange/Assets/Content/Functions/MX_SheenBSDF.uasset" 681
"../../../Engine/Plugins/Interchange/Assets/Content/Functions/MX_SheenBSDF.uexp" 682
"../../../Engine/Plugins/Interchange/Assets/Content/Functions/MX_SubsurfaceBSDF.uasset" 683
"../../../Engine/Plugins/Interchange/Assets/Content/Functions/MX_SubsurfaceBSDF.uexp" 684
"../../../Engine/Plugins/Interchange/Assets/Content/Functions/MX_Surface.uasset" 685
"../../../Engine/Plugins/Interchange/Assets/Content/Functions/MX_Surface.uexp" 686
"../../../Engine/Plugins/Interchange/Assets/Content/Functions/MX_SurfaceUnlit.uasset" 687
"../../../Engine/Plugins/Interchange/Assets/Content/Functions/MX_SurfaceUnlit.uexp" 688
"../../../Engine/Plugins/Interchange/Assets/Content/Substrate/MX_SimpleVolume.uasset" 689
"../../../Engine/Plugins/Interchange/Assets/Content/Substrate/MX_SimpleVolume.uexp" 690
"../../../Engine/Plugins/Interchange/Assets/Content/Functions/MX_TranslucentBSDF.uasset" 691
"../../../Engine/Plugins/Interchange/Assets/Content/Functions/MX_TranslucentBSDF.uexp" 692
"../../../Engine/Plugins/Interchange/Assets/Content/Functions/MX_UniformEDF.uasset" 693
"../../../Engine/Plugins/Interchange/Assets/Content/Functions/MX_UniformEDF.uexp" 694
"../../../Engine/Plugins/Interchange/Assets/Content/Functions/MX_UsdPreviewSurface.uasset" 695
"../../../Engine/Plugins/Interchange/Assets/Content/Functions/MX_UsdPreviewSurface.uexp" 696
"../../../Engine/Plugins/Runtime/AudioWidgets/Content/Resources/ScrubHandleDown_Clamped.uasset" 697
"../../../Engine/Plugins/Runtime/AudioWidgets/Content/Resources/ScrubHandleDown_Clamped.uexp" 698
"../../../Engine/Plugins/Runtime/HairStrands/Content/Materials/HairCardsDefaultMaterial.uasset" 699
"../../../Engine/Plugins/Runtime/HairStrands/Content/Materials/HairCardsDefaultMaterial.uexp" 700
"../../../Engine/Content/Functions/Engine_MaterialFunctions02/Utility/MakeFloat2.uasset" 701
"../../../Engine/Content/Functions/Engine_MaterialFunctions02/Utility/MakeFloat2.uexp" 702
"../../../Engine/Content/EngineMaterials/HairColorMap.uasset" 703
"../../../Engine/Content/EngineMaterials/HairColorMap.uexp" 704
"../../../Engine/Content/EngineMaterials/HairDebugColor.uasset" 705
"../../../Engine/Content/EngineMaterials/HairDebugColor.uexp" 706
"../../../Engine/Plugins/Runtime/HairStrands/Content/Materials/HairGroupColors.uasset" 707
"../../../Engine/Plugins/Runtime/HairStrands/Content/Materials/HairGroupColors.uexp" 708
"../../../Engine/Plugins/Runtime/HairStrands/Content/Materials/HairDebugMaterial.uasset" 709
"../../../Engine/Plugins/Runtime/HairStrands/Content/Materials/HairDebugMaterial.uexp" 710
"../../../Engine/Plugins/Runtime/HairStrands/Content/Materials/HairDefaultMaterial.uasset" 711
"../../../Engine/Plugins/Runtime/HairStrands/Content/Materials/HairDefaultMaterial.uexp" 712
"../../../Engine/Plugins/Runtime/HairStrands/Content/Materials/HairMeshesDefaultMaterial.uasset" 713
"../../../Engine/Plugins/Runtime/HairStrands/Content/Materials/HairMeshesDefaultMaterial.uexp" 714
"../../../Engine/Plugins/Interchange/Assets/Content/Functions/MX_AbsorptionVDF.uasset" 715
"../../../Engine/Plugins/Interchange/Assets/Content/Functions/MX_AbsorptionVDF.uexp" 716
"../../../Engine/Plugins/Interchange/Assets/Content/Functions/MX_AnisotropicVDF.uasset" 717
"../../../Engine/Plugins/Interchange/Assets/Content/Functions/MX_AnisotropicVDF.uexp" 718
"../../../Engine/Content/EngineMaterials/EnergyConservation/Diffuse_Energy.uasset" 719
"../../../Engine/Content/EngineMaterials/EnergyConservation/Diffuse_Energy.uexp" 720
"../../../Engine/Plugins/Interchange/Assets/Content/Functions/MX_BurleyDiffuseBSDF.uasset" 721
"../../../Engine/Plugins/Interchange/Assets/Content/Functions/MX_BurleyDiffuseBSDF.uexp" 722
"../../../Engine/Content/EngineMaterials/EnergyConservation/GGX_ReflectionEnergy.uasset" 723
"../../../Engine/Content/EngineMaterials/EnergyConservation/GGX_ReflectionEnergy.uexp" 724
"../../../Engine/Content/EngineMaterials/EnergyConservation/GGX_TransmissionEnergyArray.uasset" 725
"../../../Engine/Content/EngineMaterials/EnergyConservation/GGX_TransmissionEnergyArray.uexp" 726
"../../../Engine/Content/EngineMaterials/EnergyConservation/SheenLegacy_Energy.uasset" 727
"../../../Engine/Content/EngineMaterials/EnergyConservation/SheenLegacy_Energy.uexp" 728
"../../../Engine/Content/EngineMaterials/EnergyConservation/Sheen_Energy.uasset" 729
"../../../Engine/Content/EngineMaterials/EnergyConservation/Sheen_Energy.uexp" 730
"../../../Engine/Content/EngineMaterials/LTC/GGX_LTCAmp.uasset" 731
"../../../Engine/Content/EngineMaterials/LTC/GGX_LTCAmp.uexp" 732
"../../../Engine/Content/EngineMaterials/LTC/GGX_LTCMat.uasset" 733
"../../../Engine/Content/EngineMaterials/LTC/GGX_LTCMat.uexp" 734
"../../../Engine/Content/EngineMaterials/LTC/Sheen_LTC.uasset" 735
"../../../Engine/Content/EngineMaterials/LTC/Sheen_LTC.uexp" 736
"../../../Engine/Content/EditorResources/SequenceRecorder/Countdown.uasset" 737
"../../../Engine/Content/EditorResources/SequenceRecorder/Countdown.uexp" 738
"../../../Engine/Content/EditorResources/SequenceRecorder/RecordingIndicator.uasset" 739
"../../../Engine/Content/EditorResources/SequenceRecorder/RecordingIndicator.uexp" 740
"../../../Engine/Content/EditorMaterials/ParticleSystems/PSysThumbnail_NoImage.ubulk" 741
"../../../Engine/Content/EditorMaterials/ParticleSystems/PSysThumbnail_NoImage.uasset" 742
"../../../Engine/Content/EditorMaterials/ParticleSystems/PSysThumbnail_NoImage.uexp" 743
"../../../Engine/Content/EditorMaterials/ParticleSystems/PSysThumbnail_OOD.ubulk" 744
"../../../Engine/Content/EditorMaterials/ParticleSystems/PSysThumbnail_OOD.uasset" 745
"../../../Engine/Content/EditorMaterials/ParticleSystems/PSysThumbnail_OOD.uexp" 746
"../../../Engine/Content/EditorMaterials/Dataflow/DataflowTwoSidedVertexMaterial.uasset" 747
"../../../Engine/Content/EditorMaterials/Dataflow/DataflowTwoSidedVertexMaterial.uexp" 748
"../../../Engine/Content/EditorMaterials/Dataflow/DataflowVertexMaterial.uasset" 749
"../../../Engine/Content/EditorMaterials/Dataflow/DataflowVertexMaterial.uexp" 750
"../../../Engine/Content/EditorMaterials/Camera/CineMat.uasset" 751
"../../../Engine/Content/EditorMaterials/Camera/CineMat.uexp" 752
"../../../Engine/Content/EditorMaterials/Camera/MI_CineMat_Rig.uasset" 753
"../../../Engine/Content/EditorMaterials/Camera/MI_CineMat_Rig.uexp" 754
"../../../Engine/Content/EditorMeshes/Camera/SM_CraneRig_Arm.ubulk" 755
"../../../Engine/Content/EditorMeshes/Camera/SM_CraneRig_Arm.uasset" 756
"../../../Engine/Content/EditorMeshes/Camera/SM_CraneRig_Arm.uexp" 757
"../../../Engine/Content/EditorMeshes/Camera/SM_CraneRig_Base.ubulk" 758
"../../../Engine/Content/EditorMeshes/Camera/SM_CraneRig_Base.uasset" 759
"../../../Engine/Content/EditorMeshes/Camera/SM_CraneRig_Base.uexp" 760
"../../../Engine/Content/EditorMeshes/Camera/SM_CraneRig_Body.ubulk" 761
"../../../Engine/Content/EditorMeshes/Camera/SM_CraneRig_Body.uasset" 762
"../../../Engine/Content/EditorMeshes/Camera/SM_CraneRig_Body.uexp" 763
"../../../Engine/Content/EditorMeshes/Camera/SM_CraneRig_Mount.ubulk" 764
"../../../Engine/Content/EditorMeshes/Camera/SM_CraneRig_Mount.uasset" 765
"../../../Engine/Content/EditorMeshes/Camera/SM_CraneRig_Mount.uexp" 766
"../../../Engine/Content/EditorMeshes/Camera/SM_RailRig_Mount.ubulk" 767
"../../../Engine/Content/EditorMeshes/Camera/SM_RailRig_Mount.uasset" 768
"../../../Engine/Content/EditorMeshes/Camera/SM_RailRig_Mount.uexp" 769
"../../../Engine/Content/EditorMeshes/Camera/SM_RailRig_Track.ubulk" 770
"../../../Engine/Content/EditorMeshes/Camera/SM_RailRig_Track.uasset" 771
"../../../Engine/Content/EditorMeshes/Camera/SM_RailRig_Track.uexp" 772
"../../../Engine/Content/VREditor/TransformGizmo/BoundingBoxCorner.ubulk" 773
"../../../Engine/Content/VREditor/TransformGizmo/BoundingBoxCorner.uasset" 774
"../../../Engine/Content/VREditor/TransformGizmo/BoundingBoxCorner.uexp" 775
"../../../Engine/Content/VREditor/TransformGizmo/BoundingBoxEdge.ubulk" 776
"../../../Engine/Content/VREditor/TransformGizmo/BoundingBoxEdge.uasset" 777
"../../../Engine/Content/VREditor/TransformGizmo/BoundingBoxEdge.uexp" 778
"../../../Engine/Content/Functions/Engine_MaterialFunctions01/Texturing/FlattenNormal.uasset" 779
"../../../Engine/Content/Functions/Engine_MaterialFunctions01/Texturing/FlattenNormal.uexp" 780
"../../../Engine/Plugins/Interchange/Assets/Content/Utilities/New_LUT.uasset" 781
"../../../Engine/Plugins/Interchange/Assets/Content/Utilities/New_LUT.uexp" 782
"../../../Engine/Content/Functions/Engine_MaterialFunctions03/Math/RemapValueRange.uasset" 783
"../../../Engine/Content/Functions/Engine_MaterialFunctions03/Math/RemapValueRange.uexp" 784
"../../../Engine/Plugins/Interchange/Assets/Content/Functions/MF_Iridescence.uasset" 785
"../../../Engine/Plugins/Interchange/Assets/Content/Functions/MF_Iridescence.uexp" 786
"../../../Engine/Plugins/Interchange/Assets/Content/gltf/Textures/T_White_srgb.uasset" 787
"../../../Engine/Plugins/Interchange/Assets/Content/gltf/Textures/T_White_srgb.uexp" 788
"../../../Engine/Plugins/Interchange/Assets/Content/gltf/MaterialFunctions/MF_BaseColor.uasset" 789
"../../../Engine/Plugins/Interchange/Assets/Content/gltf/MaterialFunctions/MF_BaseColor.uexp" 790
"../../../Engine/Plugins/Interchange/Assets/Content/gltf/MaterialFunctions/MF_RotateNormals_TS.uasset" 791
"../../../Engine/Plugins/Interchange/Assets/Content/gltf/MaterialFunctions/MF_RotateNormals_TS.uexp" 792
"../../../Engine/Plugins/Interchange/Assets/Content/gltf/Textures/T_Generic_N.uasset" 793
"../../../Engine/Plugins/Interchange/Assets/Content/gltf/Textures/T_Generic_N.uexp" 794
"../../../Engine/Plugins/Interchange/Assets/Content/gltf/Textures/T_White_Linear.uasset" 795
"../../../Engine/Plugins/Interchange/Assets/Content/gltf/Textures/T_White_Linear.uexp" 796
"../../../Engine/Plugins/Interchange/Assets/Content/gltf/MaterialFunctions/MF_Clearcoat.uasset" 797
"../../../Engine/Plugins/Interchange/Assets/Content/gltf/MaterialFunctions/MF_Clearcoat.uexp" 798
"../../../Engine/Plugins/Interchange/Assets/Content/gltf/MaterialFunctions/MF_Emissive.uasset" 799
"../../../Engine/Plugins/Interchange/Assets/Content/gltf/MaterialFunctions/MF_Emissive.uexp" 800
"../../../Engine/Plugins/Interchange/Assets/Content/gltf/MaterialFunctions/MF_IOR.uasset" 801
"../../../Engine/Plugins/Interchange/Assets/Content/gltf/MaterialFunctions/MF_IOR.uexp" 802
"../../../Engine/Plugins/Interchange/Assets/Content/gltf/MaterialFunctions/MF_Iridescence.uasset" 803
"../../../Engine/Plugins/Interchange/Assets/Content/gltf/MaterialFunctions/MF_Iridescence.uexp" 804
"../../../Engine/Plugins/Interchange/Assets/Content/gltf/MaterialFunctions/MF_MetallicRoughness.uasset" 805
"../../../Engine/Plugins/Interchange/Assets/Content/gltf/MaterialFunctions/MF_MetallicRoughness.uexp" 806
"../../../Engine/Plugins/Interchange/Assets/Content/gltf/MaterialFunctions/MF_ScaleNormal.uasset" 807
"../../../Engine/Plugins/Interchange/Assets/Content/gltf/MaterialFunctions/MF_ScaleNormal.uexp" 808
"../../../Engine/Plugins/Interchange/Assets/Content/gltf/MaterialFunctions/MF_Normals.uasset" 809
"../../../Engine/Plugins/Interchange/Assets/Content/gltf/MaterialFunctions/MF_Normals.uexp" 810
"../../../Engine/Plugins/Interchange/Assets/Content/gltf/MaterialFunctions/MF_Occlusion.uasset" 811
"../../../Engine/Plugins/Interchange/Assets/Content/gltf/MaterialFunctions/MF_Occlusion.uexp" 812
"../../../Engine/Plugins/Interchange/Assets/Content/gltf/MaterialFunctions/MF_Specular.uasset" 813
"../../../Engine/Plugins/Interchange/Assets/Content/gltf/MaterialFunctions/MF_Specular.uexp" 814
"../../../Engine/Plugins/Interchange/Assets/Content/gltf/Textures/T_Anisotropy_Direction_Linear.uasset" 815
"../../../Engine/Plugins/Interchange/Assets/Content/gltf/Textures/T_Anisotropy_Direction_Linear.uexp" 816
"../../../Engine/Plugins/Interchange/Assets/Content/gltf/MaterialFunctions/MF_SpecularAnisotropy.uasset" 817
"../../../Engine/Plugins/Interchange/Assets/Content/gltf/MaterialFunctions/MF_SpecularAnisotropy.uexp" 818
"../../../Engine/Plugins/Interchange/Assets/Content/gltf/MaterialFunctions/MF_RotateV2.uasset" 819
"../../../Engine/Plugins/Interchange/Assets/Content/gltf/MaterialFunctions/MF_RotateV2.uexp" 820
"../../../Engine/Plugins/Interchange/Assets/Content/gltf/MaterialFunctions/MF_TransformUVs.uasset" 821
"../../../Engine/Plugins/Interchange/Assets/Content/gltf/MaterialFunctions/MF_TransformUVs.uexp" 822
"../../../Engine/Plugins/Interchange/Assets/Content/gltf/MaterialBodies/MF_ClearCoat_Body.uasset" 823
"../../../Engine/Plugins/Interchange/Assets/Content/gltf/MaterialBodies/MF_ClearCoat_Body.uexp" 824
"../../../Engine/Plugins/Interchange/Assets/Content/gltf/M_ClearCoat.uasset" 825
"../../../Engine/Plugins/Interchange/Assets/Content/gltf/M_ClearCoat.uexp" 826
"../../../Engine/Plugins/Interchange/Assets/Content/gltf/MaterialInstances/MI_ClearCoat_Opaque.uasset" 827
"../../../Engine/Plugins/Interchange/Assets/Content/gltf/MaterialInstances/MI_ClearCoat_Opaque.uexp" 828
"../../../Engine/Plugins/Interchange/Assets/Content/gltf/MaterialInstances/MI_ClearCoat_Opaque_DS.uasset" 829
"../../../Engine/Plugins/Interchange/Assets/Content/gltf/MaterialInstances/MI_ClearCoat_Opaque_DS.uexp" 830
"../../../Engine/Plugins/Interchange/Assets/Content/gltf/MaterialBodies/MF_Default_Body.uasset" 831
"../../../Engine/Plugins/Interchange/Assets/Content/gltf/MaterialBodies/MF_Default_Body.uexp" 832
"../../../Engine/Plugins/Interchange/Assets/Content/gltf/M_Default.uasset" 833
"../../../Engine/Plugins/Interchange/Assets/Content/gltf/M_Default.uexp" 834
"../../../Engine/Plugins/Interchange/Assets/Content/gltf/MaterialInstances/MI_Default_Blend.uasset" 835
"../../../Engine/Plugins/Interchange/Assets/Content/gltf/MaterialInstances/MI_Default_Blend.uexp" 836
"../../../Engine/Plugins/Interchange/Assets/Content/gltf/MaterialInstances/MI_Default_Blend_DS.uasset" 837
"../../../Engine/Plugins/Interchange/Assets/Content/gltf/MaterialInstances/MI_Default_Blend_DS.uexp" 838
"../../../Engine/Plugins/Interchange/Assets/Content/gltf/MaterialInstances/MI_Default_Mask.uasset" 839
"../../../Engine/Plugins/Interchange/Assets/Content/gltf/MaterialInstances/MI_Default_Mask.uexp" 840
"../../../Engine/Plugins/Interchange/Assets/Content/gltf/MaterialInstances/MI_Default_Mask_DS.uasset" 841
"../../../Engine/Plugins/Interchange/Assets/Content/gltf/MaterialInstances/MI_Default_Mask_DS.uexp" 842
"../../../Engine/Plugins/Interchange/Assets/Content/gltf/MaterialInstances/MI_Default_Opaque.uasset" 843
"../../../Engine/Plugins/Interchange/Assets/Content/gltf/MaterialInstances/MI_Default_Opaque.uexp" 844
"../../../Engine/Plugins/Interchange/Assets/Content/gltf/MaterialInstances/MI_Default_Opaque_DS.uasset" 845
"../../../Engine/Plugins/Interchange/Assets/Content/gltf/MaterialInstances/MI_Default_Opaque_DS.uexp" 846
"../../../Engine/Plugins/Interchange/Assets/Content/gltf/MaterialFunctions/MF_Sheen.uasset" 847
"../../../Engine/Plugins/Interchange/Assets/Content/gltf/MaterialFunctions/MF_Sheen.uexp" 848
"../../../Engine/Plugins/Interchange/Assets/Content/gltf/MaterialBodies/MF_Sheen_Body.uasset" 849
"../../../Engine/Plugins/Interchange/Assets/Content/gltf/MaterialBodies/MF_Sheen_Body.uexp" 850
"../../../Engine/Plugins/Interchange/Assets/Content/gltf/M_Sheen.uasset" 851
"../../../Engine/Plugins/Interchange/Assets/Content/gltf/M_Sheen.uexp" 852
"../../../Engine/Plugins/Interchange/Assets/Content/gltf/MaterialInstances/MI_Sheen_Blend.uasset" 853
"../../../Engine/Plugins/Interchange/Assets/Content/gltf/MaterialInstances/MI_Sheen_Blend.uexp" 854
"../../../Engine/Plugins/Interchange/Assets/Content/gltf/MaterialInstances/MI_Sheen_Blend_DS.uasset" 855
"../../../Engine/Plugins/Interchange/Assets/Content/gltf/MaterialInstances/MI_Sheen_Blend_DS.uexp" 856
"../../../Engine/Plugins/Interchange/Assets/Content/gltf/MaterialInstances/MI_Sheen_Mask.uasset" 857
"../../../Engine/Plugins/Interchange/Assets/Content/gltf/MaterialInstances/MI_Sheen_Mask.uexp" 858
"../../../Engine/Plugins/Interchange/Assets/Content/gltf/MaterialInstances/MI_Sheen_Mask_DS.uasset" 859
"../../../Engine/Plugins/Interchange/Assets/Content/gltf/MaterialInstances/MI_Sheen_Mask_DS.uexp" 860
"../../../Engine/Plugins/Interchange/Assets/Content/gltf/MaterialInstances/MI_Sheen_Opaque.uasset" 861
"../../../Engine/Plugins/Interchange/Assets/Content/gltf/MaterialInstances/MI_Sheen_Opaque.uexp" 862
"../../../Engine/Plugins/Interchange/Assets/Content/gltf/MaterialInstances/MI_Sheen_Opaque_DS.uasset" 863
"../../../Engine/Plugins/Interchange/Assets/Content/gltf/MaterialInstances/MI_Sheen_Opaque_DS.uexp" 864
"../../../Engine/Plugins/Interchange/Assets/Content/gltf/MaterialFunctions/MF_DiffuseSpecGloss.uasset" 865
"../../../Engine/Plugins/Interchange/Assets/Content/gltf/MaterialFunctions/MF_DiffuseSpecGloss.uexp" 866
"../../../Engine/Plugins/Interchange/Assets/Content/gltf/MaterialFunctions/MF_MaxComponentValue.uasset" 867
"../../../Engine/Plugins/Interchange/Assets/Content/gltf/MaterialFunctions/MF_MaxComponentValue.uexp" 868
"../../../Engine/Content/Functions/Engine_MaterialFunctions02/Math/AddComponents.uasset" 869
"../../../Engine/Content/Functions/Engine_MaterialFunctions02/Math/AddComponents.uexp" 870
"../../../Engine/Plugins/Interchange/Assets/Content/gltf/MaterialFunctions/MF_PerceivedBrightness.uasset" 871
"../../../Engine/Plugins/Interchange/Assets/Content/gltf/MaterialFunctions/MF_PerceivedBrightness.uexp" 872
"../../../Engine/Plugins/Interchange/Assets/Content/gltf/MaterialFunctions/MF_SpecGlossToMetalRoughness.uasset" 873
"../../../Engine/Plugins/Interchange/Assets/Content/gltf/MaterialFunctions/MF_SpecGlossToMetalRoughness.uexp" 874
"../../../Engine/Plugins/Interchange/Assets/Content/gltf/MaterialBodies/MF_SpecularGlossiness_Body.uasset" 875
"../../../Engine/Plugins/Interchange/Assets/Content/gltf/MaterialBodies/MF_SpecularGlossiness_Body.uexp" 876
"../../../Engine/Plugins/Interchange/Assets/Content/gltf/M_SpecularGlossiness.uasset" 877
"../../../Engine/Plugins/Interchange/Assets/Content/gltf/M_SpecularGlossiness.uexp" 878
"../../../Engine/Plugins/Interchange/Assets/Content/gltf/MaterialInstances/MI_SpecularGlossiness_Blend.uasset" 879
"../../../Engine/Plugins/Interchange/Assets/Content/gltf/MaterialInstances/MI_SpecularGlossiness_Blend.uexp" 880
"../../../Engine/Plugins/Interchange/Assets/Content/gltf/MaterialInstances/MI_SpecularGlossiness_Blend_DS.uasset" 881
"../../../Engine/Plugins/Interchange/Assets/Content/gltf/MaterialInstances/MI_SpecularGlossiness_Blend_DS.uexp" 882
"../../../Engine/Plugins/Interchange/Assets/Content/gltf/MaterialInstances/MI_SpecularGlossiness_Mask.uasset" 883
"../../../Engine/Plugins/Interchange/Assets/Content/gltf/MaterialInstances/MI_SpecularGlossiness_Mask.uexp" 884
"../../../Engine/Plugins/Interchange/Assets/Content/gltf/MaterialInstances/MI_SpecularGlossiness_Mask_DS.uasset" 885
"../../../Engine/Plugins/Interchange/Assets/Content/gltf/MaterialInstances/MI_SpecularGlossiness_Mask_DS.uexp" 886
"../../../Engine/Plugins/Interchange/Assets/Content/gltf/MaterialInstances/MI_SpecularGlossiness_Opaque.uasset" 887
"../../../Engine/Plugins/Interchange/Assets/Content/gltf/MaterialInstances/MI_SpecularGlossiness_Opaque.uexp" 888
"../../../Engine/Plugins/Interchange/Assets/Content/gltf/MaterialInstances/MI_SpecularGlossiness_Opaque_DS.uasset" 889
"../../../Engine/Plugins/Interchange/Assets/Content/gltf/MaterialInstances/MI_SpecularGlossiness_Opaque_DS.uexp" 890
"../../../Engine/Content/EngineMaterials/Good64x64TilingNoiseHighFreq.uasset" 891
"../../../Engine/Content/EngineMaterials/Good64x64TilingNoiseHighFreq.uexp" 892
"../../../Engine/Content/Functions/Engine_MaterialFunctions02/Texturing/ScreenAlignedPixelToPixelUVs.uasset" 893
"../../../Engine/Content/Functions/Engine_MaterialFunctions02/Texturing/ScreenAlignedPixelToPixelUVs.uexp" 894
"../../../Engine/Plugins/Interchange/Assets/Content/gltf/MaterialFunctions/MF_Fresnel_DS.uasset" 895
"../../../Engine/Plugins/Interchange/Assets/Content/gltf/MaterialFunctions/MF_Fresnel_DS.uexp" 896
"../../../Engine/Plugins/Interchange/Assets/Content/gltf/MaterialFunctions/MF_Temporal_Blur.uasset" 897
"../../../Engine/Plugins/Interchange/Assets/Content/gltf/MaterialFunctions/MF_Temporal_Blur.uexp" 898
"../../../Engine/Plugins/Interchange/Assets/Content/gltf/MaterialFunctions/MF_Transmission.uasset" 899
"../../../Engine/Plugins/Interchange/Assets/Content/gltf/MaterialFunctions/MF_Transmission.uexp" 900
"../../../Engine/Plugins/Interchange/Assets/Content/gltf/MaterialBodies/MF_Transmission_Body.uasset" 901
"../../../Engine/Plugins/Interchange/Assets/Content/gltf/MaterialBodies/MF_Transmission_Body.uexp" 902
"../../../Engine/Plugins/Interchange/Assets/Content/gltf/M_Transmission.uasset" 903
"../../../Engine/Plugins/Interchange/Assets/Content/gltf/M_Transmission.uexp" 904
"../../../Engine/Plugins/Interchange/Assets/Content/gltf/MaterialInstances/MI_Transmission.uasset" 905
"../../../Engine/Plugins/Interchange/Assets/Content/gltf/MaterialInstances/MI_Transmission.uexp" 906
"../../../Engine/Plugins/Interchange/Assets/Content/gltf/MaterialInstances/MI_Transmission_DS.uasset" 907
"../../../Engine/Plugins/Interchange/Assets/Content/gltf/MaterialInstances/MI_Transmission_DS.uexp" 908
"../../../Engine/Plugins/Interchange/Assets/Content/gltf/MaterialBodies/MF_Unlit_Body.uasset" 909
"../../../Engine/Plugins/Interchange/Assets/Content/gltf/MaterialBodies/MF_Unlit_Body.uexp" 910
"../../../Engine/Plugins/Interchange/Assets/Content/gltf/M_Unlit.uasset" 911
"../../../Engine/Plugins/Interchange/Assets/Content/gltf/M_Unlit.uexp" 912
"../../../Engine/Plugins/Interchange/Assets/Content/gltf/MaterialInstances/MI_Unlit_Blend.uasset" 913
"../../../Engine/Plugins/Interchange/Assets/Content/gltf/MaterialInstances/MI_Unlit_Blend.uexp" 914
"../../../Engine/Plugins/Interchange/Assets/Content/gltf/MaterialInstances/MI_Unlit_Blend_DS.uasset" 915
"../../../Engine/Plugins/Interchange/Assets/Content/gltf/MaterialInstances/MI_Unlit_Blend_DS.uexp" 916
"../../../Engine/Plugins/Interchange/Assets/Content/gltf/MaterialInstances/MI_Unlit_Mask.uasset" 917
"../../../Engine/Plugins/Interchange/Assets/Content/gltf/MaterialInstances/MI_Unlit_Mask.uexp" 918
"../../../Engine/Plugins/Interchange/Assets/Content/gltf/MaterialInstances/MI_Unlit_Mask_DS.uasset" 919
"../../../Engine/Plugins/Interchange/Assets/Content/gltf/MaterialInstances/MI_Unlit_Mask_DS.uexp" 920
"../../../Engine/Plugins/Interchange/Assets/Content/gltf/MaterialInstances/MI_Unlit_Opaque.uasset" 921
"../../../Engine/Plugins/Interchange/Assets/Content/gltf/MaterialInstances/MI_Unlit_Opaque.uexp" 922
"../../../Engine/Plugins/Interchange/Assets/Content/gltf/MaterialInstances/MI_Unlit_Opaque_DS.uasset" 923
"../../../Engine/Plugins/Interchange/Assets/Content/gltf/MaterialInstances/MI_Unlit_Opaque_DS.uexp" 924
"../../../Engine/Content/ArtTools/RenderToTexture/Meshes/S_1_Unit_Plane.ubulk" 925
"../../../Engine/Content/ArtTools/RenderToTexture/Meshes/S_1_Unit_Plane.uasset" 926
"../../../Engine/Content/ArtTools/RenderToTexture/Meshes/S_1_Unit_Plane.uexp" 927
"../../../Engine/Content/EngineMaterials/Substrate/GLints/AGlintTex2dArray.uasset" 928
"../../../Engine/Content/EngineMaterials/Substrate/GLints/AGlintTex2dArray.uexp" 929
"../../../Engine/Content/EngineResources/Development/ZenLogo_64.uasset" 930
"../../../Engine/Content/EngineResources/Development/ZenLogo_64.uexp" 931
"../../../Engine/Content/EngineResources/FilmGrains/Marcie_Grain_v3_128_M2_000.uasset" 932
"../../../Engine/Content/EngineResources/FilmGrains/Marcie_Grain_v3_128_M2_000.uexp" 933
"../../../Engine/Plugins/Animation/DeformerGraph/Content/DeformerFunctions/DG_Function_LinearBlendSkin_Morph_Cloth.uasset" 934
"../../../Engine/Plugins/Animation/DeformerGraph/Content/DeformerFunctions/DG_Function_LinearBlendSkin_Morph_Cloth.uexp" 935
"../../../Engine/Plugins/Animation/DeformerGraph/Content/Deformers/DG_LinearBlendSkin_Morph_Cloth.uasset" 936
"../../../Engine/Plugins/Animation/DeformerGraph/Content/Deformers/DG_LinearBlendSkin_Morph_Cloth.uexp" 937
"../../../Engine/Plugins/Animation/DeformerGraph/Content/DeformerFunctions/DG_Function_ComputeNormalsTangents.uasset" 938
"../../../Engine/Plugins/Animation/DeformerGraph/Content/DeformerFunctions/DG_Function_ComputeNormalsTangents.uexp" 939
"../../../Engine/Plugins/Animation/DeformerGraph/Content/DeformerFunctions/DG_Function_LinearBlendSkin_Morph_Cloth_PositionOnly.uasset" 940
"../../../Engine/Plugins/Animation/DeformerGraph/Content/DeformerFunctions/DG_Function_LinearBlendSkin_Morph_Cloth_PositionOnly.uexp" 941
"../../../Engine/Plugins/Animation/DeformerGraph/Content/Deformers/DG_LinearBlendSkin_Morph_Cloth_RecomputeNormals.uasset" 942
"../../../Engine/Plugins/Animation/DeformerGraph/Content/Deformers/DG_LinearBlendSkin_Morph_Cloth_RecomputeNormals.uexp" 943
"../../../Engine/Plugins/Interchange/Assets/Content/gltf/MaterialInstances/MI_ClearCoat_Blend.uasset" 944
"../../../Engine/Plugins/Interchange/Assets/Content/gltf/MaterialInstances/MI_ClearCoat_Blend.uexp" 945
"../../../Engine/Plugins/Interchange/Assets/Content/gltf/MaterialInstances/MI_ClearCoat_Blend_DS.uasset" 946
"../../../Engine/Plugins/Interchange/Assets/Content/gltf/MaterialInstances/MI_ClearCoat_Blend_DS.uexp" 947
"../../../Engine/Plugins/Interchange/Assets/Content/gltf/MaterialInstances/MI_ClearCoat_Mask.uasset" 948
"../../../Engine/Plugins/Interchange/Assets/Content/gltf/MaterialInstances/MI_ClearCoat_Mask.uexp" 949
"../../../Engine/Plugins/Interchange/Assets/Content/gltf/MaterialInstances/MI_ClearCoat_Mask_DS.uasset" 950
"../../../Engine/Plugins/Interchange/Assets/Content/gltf/MaterialInstances/MI_ClearCoat_Mask_DS.uexp" 951
"../../../Engine/Content/EngineMaterials/Substrate/Glints2/AGlintTex2dArray2.uasset" 952
"../../../Engine/Content/EngineMaterials/Substrate/Glints2/AGlintTex2dArray2.uexp" 953
"../../../Engine/Content/Functions/Engine_MaterialFunctions01/Shading/ConvertFromDiffSpec.uasset" 954
"../../../Engine/Content/Functions/Engine_MaterialFunctions01/Shading/ConvertFromDiffSpec.uexp" 955
"../../../Engine/Content/Functions/Engine_MaterialFunctions01/Shading/PowerToRoughness.uasset" 956
"../../../Engine/Content/Functions/Engine_MaterialFunctions01/Shading/PowerToRoughness.uexp" 957
"../../../Engine/Content/EngineMaterials/Substrate/Volume/SubstrateSimpleVolumeEnvLUT3D.uasset" 958
"../../../Engine/Content/EngineMaterials/Substrate/Volume/SubstrateSimpleVolumeEnvLUT3D.uexp" 959
"../../../Engine/Content/EngineMaterials/Substrate/Volume/SubstrateSimpleVolumeLUT3D.uasset" 960
"../../../Engine/Content/EngineMaterials/Substrate/Volume/SubstrateSimpleVolumeLUT3D.uexp" 961
"C:/Users/Utkarsh Anand/Documents/Unreal Projects/GMTK_2026/Content/Objects/Music/BG.ubulk" 962
"C:/Users/Utkarsh Anand/Documents/Unreal Projects/GMTK_2026/Content/Objects/Music/BG.uasset" 963
"C:/Users/Utkarsh Anand/Documents/Unreal Projects/GMTK_2026/Content/Objects/Music/BG.uexp" 964
"C:/Users/Utkarsh Anand/Documents/Unreal Projects/GMTK_2026/Content/Character/BP_GameInstance.uasset" 965
"C:/Users/Utkarsh Anand/Documents/Unreal Projects/GMTK_2026/Content/Character/BP_GameInstance.uexp" 966
"C:/Users/Utkarsh Anand/Documents/Unreal Projects/GMTK_2026/Content/Objects/Book/BPI_BookPile.uasset" 967
"C:/Users/Utkarsh Anand/Documents/Unreal Projects/GMTK_2026/Content/Objects/Book/BPI_BookPile.uexp" 968
"C:/Users/Utkarsh Anand/Documents/Unreal Projects/GMTK_2026/Content/Objects/Interactables/BPI_Interactable.uasset" 969
"C:/Users/Utkarsh Anand/Documents/Unreal Projects/GMTK_2026/Content/Objects/Interactables/BPI_Interactable.uexp" 970
"C:/Users/Utkarsh Anand/Documents/Unreal Projects/GMTK_2026/Content/Objects/ExitDoor/BPI_ExitDoor.uasset" 971
"C:/Users/Utkarsh Anand/Documents/Unreal Projects/GMTK_2026/Content/Objects/ExitDoor/BPI_ExitDoor.uexp" 972
"C:/Users/Utkarsh Anand/Documents/Unreal Projects/GMTK_2026/Content/Font/inria-serif_bold.uexp" 973
"C:/Users/Utkarsh Anand/Documents/Unreal Projects/GMTK_2026/Content/Font/inria-serif_bold.uasset" 974
"C:/Users/Utkarsh Anand/Documents/Unreal Projects/GMTK_2026/Content/Font/inria-serif_bold.ufont" 975
"C:/Users/Utkarsh Anand/Documents/Unreal Projects/GMTK_2026/Content/Font/inria-serif_bold_Font.uasset" 976
"C:/Users/Utkarsh Anand/Documents/Unreal Projects/GMTK_2026/Content/Font/inria-serif_bold_Font.uexp" 977
"C:/Users/Utkarsh Anand/Documents/Unreal Projects/GMTK_2026/Content/Font/inria-serif_regular.uexp" 978
"C:/Users/Utkarsh Anand/Documents/Unreal Projects/GMTK_2026/Content/Font/inria-serif_regular.uasset" 979
"C:/Users/Utkarsh Anand/Documents/Unreal Projects/GMTK_2026/Content/Font/inria-serif_regular.ufont" 980
"C:/Users/Utkarsh Anand/Documents/Unreal Projects/GMTK_2026/Content/Font/inria-serif_regular_Font.uasset" 981
"C:/Users/Utkarsh Anand/Documents/Unreal Projects/GMTK_2026/Content/Font/inria-serif_regular_Font.uexp" 982
"C:/Users/Utkarsh Anand/Documents/Unreal Projects/GMTK_2026/Content/Widget/AlphabetScreen/Button_PNG.uasset" 983
"C:/Users/Utkarsh Anand/Documents/Unreal Projects/GMTK_2026/Content/Widget/AlphabetScreen/Button_PNG.uexp" 984
"C:/Users/Utkarsh Anand/Documents/Unreal Projects/GMTK_2026/Content/Widget/AlphabetScreen/Close_Icon.uasset" 985
"C:/Users/Utkarsh Anand/Documents/Unreal Projects/GMTK_2026/Content/Widget/AlphabetScreen/Close_Icon.uexp" 986
"C:/Users/Utkarsh Anand/Documents/Unreal Projects/GMTK_2026/Content/Widget/WID_Button.uasset" 987
"C:/Users/Utkarsh Anand/Documents/Unreal Projects/GMTK_2026/Content/Widget/WID_Button.uexp" 988
"C:/Users/Utkarsh Anand/Documents/Unreal Projects/GMTK_2026/Content/Widget/AlphabetScreen/Panel_Centre.uasset" 989
"C:/Users/Utkarsh Anand/Documents/Unreal Projects/GMTK_2026/Content/Widget/AlphabetScreen/Panel_Centre.uexp" 990
"C:/Users/Utkarsh Anand/Documents/Unreal Projects/GMTK_2026/Content/Widget/AlphabetScreen/Panel_Corner_1.uasset" 991
"C:/Users/Utkarsh Anand/Documents/Unreal Projects/GMTK_2026/Content/Widget/AlphabetScreen/Panel_Corner_1.uexp" 992
"C:/Users/Utkarsh Anand/Documents/Unreal Projects/GMTK_2026/Content/Widget/AlphabetScreen/Panel_Corner_2.uasset" 993
"C:/Users/Utkarsh Anand/Documents/Unreal Projects/GMTK_2026/Content/Widget/AlphabetScreen/Panel_Corner_2.uexp" 994
"C:/Users/Utkarsh Anand/Documents/Unreal Projects/GMTK_2026/Content/Widget/AlphabetScreen/Panel_Corner_3.uasset" 995
"C:/Users/Utkarsh Anand/Documents/Unreal Projects/GMTK_2026/Content/Widget/AlphabetScreen/Panel_Corner_3.uexp" 996
"C:/Users/Utkarsh Anand/Documents/Unreal Projects/GMTK_2026/Content/Widget/AlphabetScreen/Panel_Corner_4.uasset" 997
"C:/Users/Utkarsh Anand/Documents/Unreal Projects/GMTK_2026/Content/Widget/AlphabetScreen/Panel_Corner_4.uexp" 998
"C:/Users/Utkarsh Anand/Documents/Unreal Projects/GMTK_2026/Content/Widget/AlphabetScreen/Panel_Side_1.uasset" 999
"C:/Users/Utkarsh Anand/Documents/Unreal Projects/GMTK_2026/Content/Widget/AlphabetScreen/Panel_Side_1.uexp" 1000
"C:/Users/Utkarsh Anand/Documents/Unreal Projects/GMTK_2026/Content/Widget/AlphabetScreen/Panel_Side_2.uasset" 1001
"C:/Users/Utkarsh Anand/Documents/Unreal Projects/GMTK_2026/Content/Widget/AlphabetScreen/Panel_Side_2.uexp" 1002
"C:/Users/Utkarsh Anand/Documents/Unreal Projects/GMTK_2026/Content/Widget/AlphabetScreen/Panel_Side_3.uasset" 1003
"C:/Users/Utkarsh Anand/Documents/Unreal Projects/GMTK_2026/Content/Widget/AlphabetScreen/Panel_Side_3.uexp" 1004
"C:/Users/Utkarsh Anand/Documents/Unreal Projects/GMTK_2026/Content/Widget/AlphabetScreen/Panel_Side_4.uasset" 1005
"C:/Users/Utkarsh Anand/Documents/Unreal Projects/GMTK_2026/Content/Widget/AlphabetScreen/Panel_Side_4.uexp" 1006
"C:/Users/Utkarsh Anand/Documents/Unreal Projects/GMTK_2026/Content/GameManager/ST_ObjectState.uasset" 1007
"C:/Users/Utkarsh Anand/Documents/Unreal Projects/GMTK_2026/Content/GameManager/ST_ObjectState.uexp" 1008
"C:/Users/Utkarsh Anand/Documents/Unreal Projects/GMTK_2026/Content/GameManager/ST_GameState.uasset" 1009
"C:/Users/Utkarsh Anand/Documents/Unreal Projects/GMTK_2026/Content/GameManager/ST_GameState.uexp" 1010
"C:/Users/Utkarsh Anand/Documents/Unreal Projects/GMTK_2026/Content/Widget/AlphabetScreen/Level_Brush_BG.uasset" 1011
"C:/Users/Utkarsh Anand/Documents/Unreal Projects/GMTK_2026/Content/Widget/AlphabetScreen/Level_Brush_BG.uexp" 1012
"C:/Users/Utkarsh Anand/Documents/Unreal Projects/GMTK_2026/Content/Widget/AlphabetScreen/Marker.uasset" 1013
"C:/Users/Utkarsh Anand/Documents/Unreal Projects/GMTK_2026/Content/Widget/AlphabetScreen/Marker.uexp" 1014
"C:/Users/Utkarsh Anand/Documents/Unreal Projects/GMTK_2026/Content/Widget/AlphabetScreen/Ornament_Line.uasset" 1015
"C:/Users/Utkarsh Anand/Documents/Unreal Projects/GMTK_2026/Content/Widget/AlphabetScreen/Ornament_Line.uexp" 1016
"C:/Users/Utkarsh Anand/Documents/Unreal Projects/GMTK_2026/Content/Widget/AlphabetScreen/Undo_Icon.uasset" 1017
"C:/Users/Utkarsh Anand/Documents/Unreal Projects/GMTK_2026/Content/Widget/AlphabetScreen/Undo_Icon.uexp" 1018
"C:/Users/Utkarsh Anand/Documents/Unreal Projects/GMTK_2026/Content/Widget/AlphabetScreen/Dot.uasset" 1019
"C:/Users/Utkarsh Anand/Documents/Unreal Projects/GMTK_2026/Content/Widget/AlphabetScreen/Dot.uexp" 1020
"C:/Users/Utkarsh Anand/Documents/Unreal Projects/GMTK_2026/Content/Widget/AlphabetScreen/WID_TagsRemovedText.uasset" 1021
"C:/Users/Utkarsh Anand/Documents/Unreal Projects/GMTK_2026/Content/Widget/AlphabetScreen/WID_TagsRemovedText.uexp" 1022
"C:/Users/Utkarsh Anand/Documents/Unreal Projects/GMTK_2026/Content/Widget/AlphabetScreen/WID_HistoryUnit.uasset" 1023
"C:/Users/Utkarsh Anand/Documents/Unreal Projects/GMTK_2026/Content/Widget/AlphabetScreen/WID_HistoryUnit.uexp" 1024
"../../../Engine/Content/VREditor/Sounds/UI/Flashlight_Switch.ubulk" 1025
"../../../Engine/Content/VREditor/Sounds/UI/Flashlight_Switch.uasset" 1026
"../../../Engine/Content/VREditor/Sounds/UI/Flashlight_Switch.uexp" 1027
"C:/Users/Utkarsh Anand/Documents/Unreal Projects/GMTK_2026/Content/SFX/switch28.ubulk" 1028
"C:/Users/Utkarsh Anand/Documents/Unreal Projects/GMTK_2026/Content/SFX/switch28.uasset" 1029
"C:/Users/Utkarsh Anand/Documents/Unreal Projects/GMTK_2026/Content/SFX/switch28.uexp" 1030
"C:/Users/Utkarsh Anand/Documents/Unreal Projects/GMTK_2026/Content/Widget/AlphabetScreen/WID_LetterButton.uasset" 1031
"C:/Users/Utkarsh Anand/Documents/Unreal Projects/GMTK_2026/Content/Widget/AlphabetScreen/WID_LetterButton.uexp" 1032
"C:/Users/Utkarsh Anand/Documents/Unreal Projects/GMTK_2026/Content/GameManager/ST_DeletedObjectsTag.uasset" 1033
"C:/Users/Utkarsh Anand/Documents/Unreal Projects/GMTK_2026/Content/GameManager/ST_DeletedObjectsTag.uexp" 1034
"C:/Users/Utkarsh Anand/Documents/Unreal Projects/GMTK_2026/Content/Widget/AlphabetScreen/WID_Alphabet.uasset" 1035
"C:/Users/Utkarsh Anand/Documents/Unreal Projects/GMTK_2026/Content/Widget/AlphabetScreen/WID_Alphabet.uexp" 1036
"C:/Users/Utkarsh Anand/Documents/Unreal Projects/GMTK_2026/Content/Objects/Interactables/BPI_Equippable.uasset" 1037
"C:/Users/Utkarsh Anand/Documents/Unreal Projects/GMTK_2026/Content/Objects/Interactables/BPI_Equippable.uexp" 1038
"C:/Users/Utkarsh Anand/Documents/Unreal Projects/GMTK_2026/Content/GameManager/BP_GameManager.uasset" 1039
"C:/Users/Utkarsh Anand/Documents/Unreal Projects/GMTK_2026/Content/GameManager/BP_GameManager.uexp" 1040
"C:/Users/Utkarsh Anand/Documents/Unreal Projects/GMTK_2026/Content/Widget/AlphabetScreen/Space_Icon.uasset" 1041
"C:/Users/Utkarsh Anand/Documents/Unreal Projects/GMTK_2026/Content/Widget/AlphabetScreen/Space_Icon.uexp" 1042
"C:/Users/Utkarsh Anand/Documents/Unreal Projects/GMTK_2026/Content/Widget/Tutorial_Screen/WID_TutorialText.uasset" 1043
"C:/Users/Utkarsh Anand/Documents/Unreal Projects/GMTK_2026/Content/Widget/Tutorial_Screen/WID_TutorialText.uexp" 1044
"C:/Users/Utkarsh Anand/Documents/Unreal Projects/GMTK_2026/Content/Widget/Tutorial_Screen/WID_DoorWarning.uasset" 1045
"C:/Users/Utkarsh Anand/Documents/Unreal Projects/GMTK_2026/Content/Widget/Tutorial_Screen/WID_DoorWarning.uexp" 1046
"C:/Users/Utkarsh Anand/Documents/Unreal Projects/GMTK_2026/Content/Widget/Tutorial_Screen/WID_Tutorial.uasset" 1047
"C:/Users/Utkarsh Anand/Documents/Unreal Projects/GMTK_2026/Content/Widget/Tutorial_Screen/WID_Tutorial.uexp" 1048
"C:/Users/Utkarsh Anand/Documents/Unreal Projects/GMTK_2026/Content/Widget/Tutorial_Screen/WID_Tutorial2.uasset" 1049
"C:/Users/Utkarsh Anand/Documents/Unreal Projects/GMTK_2026/Content/Widget/Tutorial_Screen/WID_Tutorial2.uexp" 1050
"C:/Users/Utkarsh Anand/Documents/Unreal Projects/GMTK_2026/Content/Objects/Interactables/BP_InteractionComponent.uasset" 1051
"C:/Users/Utkarsh Anand/Documents/Unreal Projects/GMTK_2026/Content/Objects/Interactables/BP_InteractionComponent.uexp" 1052
"C:/Users/Utkarsh Anand/Documents/Unreal Projects/GMTK_2026/Content/Character/CameraShakes/CS_Idle.uasset" 1053
"C:/Users/Utkarsh Anand/Documents/Unreal Projects/GMTK_2026/Content/Character/CameraShakes/CS_Idle.uexp" 1054
"C:/Users/Utkarsh Anand/Documents/Unreal Projects/GMTK_2026/Content/Character/CameraShakes/CS_Sprint.uasset" 1055
"C:/Users/Utkarsh Anand/Documents/Unreal Projects/GMTK_2026/Content/Character/CameraShakes/CS_Sprint.uexp" 1056
"C:/Users/Utkarsh Anand/Documents/Unreal Projects/GMTK_2026/Content/Character/CameraShakes/CS_Walk.uasset" 1057
"C:/Users/Utkarsh Anand/Documents/Unreal Projects/GMTK_2026/Content/Character/CameraShakes/CS_Walk.uexp" 1058
"C:/Users/Utkarsh Anand/Documents/Unreal Projects/GMTK_2026/Content/Widget/Tutorial_Screen/WID_Demo.uasset" 1059
"C:/Users/Utkarsh Anand/Documents/Unreal Projects/GMTK_2026/Content/Widget/Tutorial_Screen/WID_Demo.uexp" 1060
"C:/Users/Utkarsh Anand/Documents/Unreal Projects/GMTK_2026/Content/Character/BP_MainPlayer.uasset" 1061
"C:/Users/Utkarsh Anand/Documents/Unreal Projects/GMTK_2026/Content/Character/BP_MainPlayer.uexp" 1062
"C:/Users/Utkarsh Anand/Documents/Unreal Projects/GMTK_2026/Content/GameManager/ST_LevelDetails.uasset" 1063
"C:/Users/Utkarsh Anand/Documents/Unreal Projects/GMTK_2026/Content/GameManager/ST_LevelDetails.uexp" 1064
"C:/Users/Utkarsh Anand/Documents/Unreal Projects/GMTK_2026/Content/GameManager/DT_LevelDetails.uasset" 1065
"C:/Users/Utkarsh Anand/Documents/Unreal Projects/GMTK_2026/Content/GameManager/DT_LevelDetails.uexp" 1066
"C:/Users/Utkarsh Anand/Documents/Unreal Projects/GMTK_2026/Content/Character/BP_MainPlayerController.uasset" 1067
"C:/Users/Utkarsh Anand/Documents/Unreal Projects/GMTK_2026/Content/Character/BP_MainPlayerController.uexp" 1068
"C:/Users/Utkarsh Anand/Documents/Unreal Projects/GMTK_2026/Content/Character/BP_MainGameModeBase.uasset" 1069
"C:/Users/Utkarsh Anand/Documents/Unreal Projects/GMTK_2026/Content/Character/BP_MainGameModeBase.uexp" 1070
"../../../Engine/Content/Maps/Entry_BuiltData.uasset" 1071
"../../../Engine/Content/Maps/Entry_BuiltData.uexp" 1072
"../../../Engine/Content/Maps/Entry.uexp" 1073
"../../../Engine/Content/Maps/Entry.umap" 1074
"../../../Engine/Content/BasicShapes/Plane.ubulk" 1075
"../../../Engine/Content/BasicShapes/Plane.uasset" 1076
"../../../Engine/Content/BasicShapes/Plane.uexp" 1077
"../../../Engine/Content/MapTemplates/SM_Template_Map_Floor.ubulk" 1078
"../../../Engine/Content/MapTemplates/SM_Template_Map_Floor.uasset" 1079
"../../../Engine/Content/MapTemplates/SM_Template_Map_Floor.uexp" 1080
"../../../Engine/Content/EngineMaterials/BlendFunc_DefBase.uasset" 1081
"../../../Engine/Content/EngineMaterials/BlendFunc_DefBase.uexp" 1082
"../../../Engine/Content/EngineMaterials/BlendFunc_DefBlend.uasset" 1083
"../../../Engine/Content/EngineMaterials/BlendFunc_DefBlend.uexp" 1084
"../../../Engine/Content/Functions/Engine_MaterialFunctions03/Blends/Blend_Overlay.uasset" 1085
"../../../Engine/Content/Functions/Engine_MaterialFunctions03/Blends/Blend_Overlay.uexp" 1086
"../../../Engine/Content/Functions/Engine_MaterialFunctions01/Gradient/LinearGradient.uasset" 1087
"../../../Engine/Content/Functions/Engine_MaterialFunctions01/Gradient/LinearGradient.uexp" 1088
"../../../Engine/Content/Functions/Engine_MaterialFunctions01/ImageAdjustment/CheapContrast.uasset" 1089
"../../../Engine/Content/Functions/Engine_MaterialFunctions01/ImageAdjustment/CheapContrast.uexp" 1090
"../../../Engine/Content/OpenWorldTemplate/LandscapeMaterial/T_GridChecker_A.ubulk" 1091
"../../../Engine/Content/OpenWorldTemplate/LandscapeMaterial/T_GridChecker_A.uasset" 1092
"../../../Engine/Content/OpenWorldTemplate/LandscapeMaterial/T_GridChecker_A.uexp" 1093
"../../../Engine/Content/OpenWorldTemplate/LandscapeMaterial/MF_ProcGrid.uasset" 1094
"../../../Engine/Content/OpenWorldTemplate/LandscapeMaterial/MF_ProcGrid.uexp" 1095
"../../../Engine/Content/OpenWorldTemplate/LandscapeMaterial/M_ProcGrid.uasset" 1096
"../../../Engine/Content/OpenWorldTemplate/LandscapeMaterial/M_ProcGrid.uexp" 1097
"C:/Users/Utkarsh Anand/Documents/Unreal Projects/GMTK_2026/Content/CommonMaterials/Mat_Basic.uasset" 1098
"C:/Users/Utkarsh Anand/Documents/Unreal Projects/GMTK_2026/Content/CommonMaterials/Mat_Basic.uexp" 1099
"C:/Users/Utkarsh Anand/Documents/Unreal Projects/GMTK_2026/Content/CommonMaterials/Mat_Basic_Inst.uasset" 1100
"C:/Users/Utkarsh Anand/Documents/Unreal Projects/GMTK_2026/Content/CommonMaterials/Mat_Basic_Inst.uexp" 1101
"C:/Users/Utkarsh Anand/Documents/Unreal Projects/GMTK_2026/Content/CommonMaterials/Mat_Emmisive.uasset" 1102
"C:/Users/Utkarsh Anand/Documents/Unreal Projects/GMTK_2026/Content/CommonMaterials/Mat_Emmisive.uexp" 1103
"C:/Users/Utkarsh Anand/Documents/Unreal Projects/GMTK_2026/Content/CommonMaterials/Mat_Emmisive_Inst.uasset" 1104
"C:/Users/Utkarsh Anand/Documents/Unreal Projects/GMTK_2026/Content/CommonMaterials/Mat_Emmisive_Inst.uexp" 1105
"C:/Users/Utkarsh Anand/Documents/Unreal Projects/GMTK_2026/Content/CommonMaterials/MAT_CrossHatchingLayer.uasset" 1106
"C:/Users/Utkarsh Anand/Documents/Unreal Projects/GMTK_2026/Content/CommonMaterials/MAT_CrossHatchingLayer.uexp" 1107
"C:/Users/Utkarsh Anand/Documents/Unreal Projects/GMTK_2026/Content/CommonMaterials/MAT_Hatching.uasset" 1108
"C:/Users/Utkarsh Anand/Documents/Unreal Projects/GMTK_2026/Content/CommonMaterials/MAT_Hatching.uexp" 1109
"../../../Engine/Content/BasicShapes/Cube.ubulk" 1110
"../../../Engine/Content/BasicShapes/Cube.uasset" 1111
"../../../Engine/Content/BasicShapes/Cube.uexp" 1112
"../../../Engine/Content/BasicShapes/BasicShapeMaterial.uasset" 1113
"../../../Engine/Content/BasicShapes/BasicShapeMaterial.uexp" 1114
"C:/Users/Utkarsh Anand/Documents/Unreal Projects/GMTK_2026/Content/Widget/Interaction/WID_Interact.uasset" 1115
"C:/Users/Utkarsh Anand/Documents/Unreal Projects/GMTK_2026/Content/Widget/Interaction/WID_Interact.uexp" 1116
"C:/Users/Utkarsh Anand/Documents/Unreal Projects/GMTK_2026/Content/Widget/Interaction/WID_Name.uasset" 1117
"C:/Users/Utkarsh Anand/Documents/Unreal Projects/GMTK_2026/Content/Widget/Interaction/WID_Name.uexp" 1118
"C:/Users/Utkarsh Anand/Documents/Unreal Projects/GMTK_2026/Content/Objects/Interactables/BP_ParentDestructible.uasset" 1119
"C:/Users/Utkarsh Anand/Documents/Unreal Projects/GMTK_2026/Content/Objects/Interactables/BP_ParentDestructible.uexp" 1120
"C:/Users/Utkarsh Anand/Documents/Unreal Projects/GMTK_2026/Content/Objects/Window/BP_Window-D.uasset" 1121
"C:/Users/Utkarsh Anand/Documents/Unreal Projects/GMTK_2026/Content/Objects/Window/BP_Window-D.uexp" 1122
"C:/Users/Utkarsh Anand/Documents/Unreal Projects/GMTK_2026/Content/Objects/Book/SM_Book.ubulk" 1123
"C:/Users/Utkarsh Anand/Documents/Unreal Projects/GMTK_2026/Content/Objects/Book/SM_Book.uasset" 1124
"C:/Users/Utkarsh Anand/Documents/Unreal Projects/GMTK_2026/Content/Objects/Book/SM_Book.uexp" 1125
"C:/Users/Utkarsh Anand/Documents/Unreal Projects/GMTK_2026/Content/Objects/Book/BP_BookPile1.uasset" 1126
"C:/Users/Utkarsh Anand/Documents/Unreal Projects/GMTK_2026/Content/Objects/Book/BP_BookPile1.uexp" 1127
"C:/Users/Utkarsh Anand/Documents/Unreal Projects/GMTK_2026/Content/Objects/Book/BP_BookPile2.uasset" 1128
"C:/Users/Utkarsh Anand/Documents/Unreal Projects/GMTK_2026/Content/Objects/Book/BP_BookPile2.uexp" 1129
"C:/Users/Utkarsh Anand/Documents/Unreal Projects/GMTK_2026/Content/Objects/Interactables/BP_ParentInteractable.uasset" 1130
"C:/Users/Utkarsh Anand/Documents/Unreal Projects/GMTK_2026/Content/Objects/Interactables/BP_ParentInteractable.uexp" 1131
"C:/Users/Utkarsh Anand/Documents/Unreal Projects/GMTK_2026/Content/Objects/Cabinet/CabinetFrame.ubulk" 1132
"C:/Users/Utkarsh Anand/Documents/Unreal Projects/GMTK_2026/Content/Objects/Cabinet/CabinetFrame.uasset" 1133
"C:/Users/Utkarsh Anand/Documents/Unreal Projects/GMTK_2026/Content/Objects/Cabinet/CabinetFrame.uexp" 1134
"C:/Users/Utkarsh Anand/Documents/Unreal Projects/GMTK_2026/Content/Objects/Cabinet/Cabinet_Flap_1.ubulk" 1135
"C:/Users/Utkarsh Anand/Documents/Unreal Projects/GMTK_2026/Content/Objects/Cabinet/Cabinet_Flap_1.uasset" 1136
"C:/Users/Utkarsh Anand/Documents/Unreal Projects/GMTK_2026/Content/Objects/Cabinet/Cabinet_Flap_1.uexp" 1137
"C:/Users/Utkarsh Anand/Documents/Unreal Projects/GMTK_2026/Content/Objects/Cabinet/Cabinet_Flap_2.ubulk" 1138
"C:/Users/Utkarsh Anand/Documents/Unreal Projects/GMTK_2026/Content/Objects/Cabinet/Cabinet_Flap_2.uasset" 1139
"C:/Users/Utkarsh Anand/Documents/Unreal Projects/GMTK_2026/Content/Objects/Cabinet/Cabinet_Flap_2.uexp" 1140
"C:/Users/Utkarsh Anand/Documents/Unreal Projects/GMTK_2026/Content/Objects/Cabinet/BP_Cabinet.uasset" 1141
"C:/Users/Utkarsh Anand/Documents/Unreal Projects/GMTK_2026/Content/Objects/Cabinet/BP_Cabinet.uexp" 1142
"C:/Users/Utkarsh Anand/Documents/Unreal Projects/GMTK_2026/Content/Objects/Chair/SM_ChairSimple.ubulk" 1143
"C:/Users/Utkarsh Anand/Documents/Unreal Projects/GMTK_2026/Content/Objects/Chair/SM_ChairSimple.uasset" 1144
"C:/Users/Utkarsh Anand/Documents/Unreal Projects/GMTK_2026/Content/Objects/Chair/SM_ChairSimple.uexp" 1145
"C:/Users/Utkarsh Anand/Documents/Unreal Projects/GMTK_2026/Content/Objects/Chair/BP_Chair.uasset" 1146
"C:/Users/Utkarsh Anand/Documents/Unreal Projects/GMTK_2026/Content/Objects/Chair/BP_Chair.uexp" 1147
"C:/Users/Utkarsh Anand/Documents/Unreal Projects/GMTK_2026/Content/Objects/Couch/SM_Couch.ubulk" 1148
"C:/Users/Utkarsh Anand/Documents/Unreal Projects/GMTK_2026/Content/Objects/Couch/SM_Couch.uasset" 1149
"C:/Users/Utkarsh Anand/Documents/Unreal Projects/GMTK_2026/Content/Objects/Couch/SM_Couch.uexp" 1150
"C:/Users/Utkarsh Anand/Documents/Unreal Projects/GMTK_2026/Content/Objects/Couch/BP_Couch.uasset" 1151
"C:/Users/Utkarsh Anand/Documents/Unreal Projects/GMTK_2026/Content/Objects/Couch/BP_Couch.uexp" 1152
"C:/Users/Utkarsh Anand/Documents/Unreal Projects/GMTK_2026/Content/Objects/Cupboard/cupboard.ubulk" 1153
"C:/Users/Utkarsh Anand/Documents/Unreal Projects/GMTK_2026/Content/Objects/Cupboard/cupboard.uasset" 1154
"C:/Users/Utkarsh Anand/Documents/Unreal Projects/GMTK_2026/Content/Objects/Cupboard/cupboard.uexp" 1155
"C:/Users/Utkarsh Anand/Documents/Unreal Projects/GMTK_2026/Content/Objects/Cupboard/BP_CurboardBasic.uasset" 1156
"C:/Users/Utkarsh Anand/Documents/Unreal Projects/GMTK_2026/Content/Objects/Cupboard/BP_CurboardBasic.uexp" 1157
"C:/Users/Utkarsh Anand/Documents/Unreal Projects/GMTK_2026/Content/SFX/Door_Close.ubulk" 1158
"C:/Users/Utkarsh Anand/Documents/Unreal Projects/GMTK_2026/Content/SFX/Door_Close.uasset" 1159
"C:/Users/Utkarsh Anand/Documents/Unreal Projects/GMTK_2026/Content/SFX/Door_Close.uexp" 1160
"C:/Users/Utkarsh Anand/Documents/Unreal Projects/GMTK_2026/Content/SFX/Door_Open.ubulk" 1161
"C:/Users/Utkarsh Anand/Documents/Unreal Projects/GMTK_2026/Content/SFX/Door_Open.uasset" 1162
"C:/Users/Utkarsh Anand/Documents/Unreal Projects/GMTK_2026/Content/SFX/Door_Open.uexp" 1163
"C:/Users/Utkarsh Anand/Documents/Unreal Projects/GMTK_2026/Content/Objects/Door/Mesh_Door_02.ubulk" 1164
"C:/Users/Utkarsh Anand/Documents/Unreal Projects/GMTK_2026/Content/Objects/Door/Mesh_Door_02.uasset" 1165
"C:/Users/Utkarsh Anand/Documents/Unreal Projects/GMTK_2026/Content/Objects/Door/Mesh_Door_02.uexp" 1166
"C:/Users/Utkarsh Anand/Documents/Unreal Projects/GMTK_2026/Content/Objects/Door/BP_Door.uasset" 1167
"C:/Users/Utkarsh Anand/Documents/Unreal Projects/GMTK_2026/Content/Objects/Door/BP_Door.uexp" 1168
"C:/Users/Utkarsh Anand/Documents/Unreal Projects/GMTK_2026/Content/Objects/Door/Mesh_Door_Frame_02.ubulk" 1169
"C:/Users/Utkarsh Anand/Documents/Unreal Projects/GMTK_2026/Content/Objects/Door/Mesh_Door_Frame_02.uasset" 1170
"C:/Users/Utkarsh Anand/Documents/Unreal Projects/GMTK_2026/Content/Objects/Door/Mesh_Door_Frame_02.uexp" 1171
"C:/Users/Utkarsh Anand/Documents/Unreal Projects/GMTK_2026/Content/Objects/ExitDoor/BP_ExitDoor.uasset" 1172
"C:/Users/Utkarsh Anand/Documents/Unreal Projects/GMTK_2026/Content/Objects/ExitDoor/BP_ExitDoor.uexp" 1173
"C:/Users/Utkarsh Anand/Documents/Unreal Projects/GMTK_2026/Content/SFX/Switch.ubulk" 1174
"C:/Users/Utkarsh Anand/Documents/Unreal Projects/GMTK_2026/Content/SFX/Switch.uasset" 1175
"C:/Users/Utkarsh Anand/Documents/Unreal Projects/GMTK_2026/Content/SFX/Switch.uexp" 1176
"C:/Users/Utkarsh Anand/Documents/Unreal Projects/GMTK_2026/Content/Objects/Lamp/SM_Lamp.ubulk" 1177
"C:/Users/Utkarsh Anand/Documents/Unreal Projects/GMTK_2026/Content/Objects/Lamp/SM_Lamp.uasset" 1178
"C:/Users/Utkarsh Anand/Documents/Unreal Projects/GMTK_2026/Content/Objects/Lamp/SM_Lamp.uexp" 1179
"C:/Users/Utkarsh Anand/Documents/Unreal Projects/GMTK_2026/Content/Objects/Lamp/BP_Lamp.uasset" 1180
"C:/Users/Utkarsh Anand/Documents/Unreal Projects/GMTK_2026/Content/Objects/Lamp/BP_Lamp.uexp" 1181
"C:/Users/Utkarsh Anand/Documents/Unreal Projects/GMTK_2026/Content/Objects/Plant/Plant.ubulk" 1182
"C:/Users/Utkarsh Anand/Documents/Unreal Projects/GMTK_2026/Content/Objects/Plant/Plant.uasset" 1183
"C:/Users/Utkarsh Anand/Documents/Unreal Projects/GMTK_2026/Content/Objects/Plant/Plant.uexp" 1184
"C:/Users/Utkarsh Anand/Documents/Unreal Projects/GMTK_2026/Content/Objects/Plant/BP_Plant.uasset" 1185
"C:/Users/Utkarsh Anand/Documents/Unreal Projects/GMTK_2026/Content/Objects/Plant/BP_Plant.uexp" 1186
"C:/Users/Utkarsh Anand/Documents/Unreal Projects/GMTK_2026/Content/Objects/Table/Table.ubulk" 1187
"C:/Users/Utkarsh Anand/Documents/Unreal Projects/GMTK_2026/Content/Objects/Table/Table.uasset" 1188
"C:/Users/Utkarsh Anand/Documents/Unreal Projects/GMTK_2026/Content/Objects/Table/Table.uexp" 1189
"C:/Users/Utkarsh Anand/Documents/Unreal Projects/GMTK_2026/Content/Objects/Table/BP_Table.uasset" 1190
"C:/Users/Utkarsh Anand/Documents/Unreal Projects/GMTK_2026/Content/Objects/Table/BP_Table.uexp" 1191
"C:/Users/Utkarsh Anand/Documents/Unreal Projects/GMTK_2026/Content/Objects/Television/SM_Television.ubulk" 1192
"C:/Users/Utkarsh Anand/Documents/Unreal Projects/GMTK_2026/Content/Objects/Television/SM_Television.uasset" 1193
"C:/Users/Utkarsh Anand/Documents/Unreal Projects/GMTK_2026/Content/Objects/Television/SM_Television.uexp" 1194
"C:/Users/Utkarsh Anand/Documents/Unreal Projects/GMTK_2026/Content/Objects/Television/BP_Television.uasset" 1195
"C:/Users/Utkarsh Anand/Documents/Unreal Projects/GMTK_2026/Content/Objects/Television/BP_Television.uexp" 1196
"C:/Users/Utkarsh Anand/Documents/Unreal Projects/GMTK_2026/Content/Map/Level_1.uexp" 1197
"C:/Users/Utkarsh Anand/Documents/Unreal Projects/GMTK_2026/Content/Map/Level_1.umap" 1198
"C:/Users/Utkarsh Anand/Documents/Unreal Projects/GMTK_2026/Content/Widget/Interaction/Brush_Stroke_Wide.uasset" 1199
"C:/Users/Utkarsh Anand/Documents/Unreal Projects/GMTK_2026/Content/Widget/Interaction/Brush_Stroke_Wide.uexp" 1200
"C:/Users/Utkarsh Anand/Documents/Unreal Projects/GMTK_2026/Content/Widget/Interaction/WID_InteractionRequirement.uasset" 1201
"C:/Users/Utkarsh Anand/Documents/Unreal Projects/GMTK_2026/Content/Widget/Interaction/WID_InteractionRequirement.uexp" 1202
"C:/Users/Utkarsh Anand/Documents/Unreal Projects/GMTK_2026/Content/Objects/Cage/Case.ubulk" 1203
"C:/Users/Utkarsh Anand/Documents/Unreal Projects/GMTK_2026/Content/Objects/Cage/Case.uasset" 1204
"C:/Users/Utkarsh Anand/Documents/Unreal Projects/GMTK_2026/Content/Objects/Cage/Case.uexp" 1205
"C:/Users/Utkarsh Anand/Documents/Unreal Projects/GMTK_2026/Content/Objects/Cage/BP_Case_Fake.uasset" 1206
"C:/Users/Utkarsh Anand/Documents/Unreal Projects/GMTK_2026/Content/Objects/Cage/BP_Case_Fake.uexp" 1207
"C:/Users/Utkarsh Anand/Documents/Unreal Projects/GMTK_2026/Content/SFX/Key_Take.ubulk" 1208
"C:/Users/Utkarsh Anand/Documents/Unreal Projects/GMTK_2026/Content/SFX/Key_Take.uasset" 1209
"C:/Users/Utkarsh Anand/Documents/Unreal Projects/GMTK_2026/Content/SFX/Key_Take.uexp" 1210
"C:/Users/Utkarsh Anand/Documents/Unreal Projects/GMTK_2026/Content/Objects/Key/SM_ExitDoorKey.ubulk" 1211
"C:/Users/Utkarsh Anand/Documents/Unreal Projects/GMTK_2026/Content/Objects/Key/SM_ExitDoorKey.uasset" 1212
"C:/Users/Utkarsh Anand/Documents/Unreal Projects/GMTK_2026/Content/Objects/Key/SM_ExitDoorKey.uexp" 1213
"C:/Users/Utkarsh Anand/Documents/Unreal Projects/GMTK_2026/Content/Objects/Key/BP_ExitKey.uasset" 1214
"C:/Users/Utkarsh Anand/Documents/Unreal Projects/GMTK_2026/Content/Objects/Key/BP_ExitKey.uexp" 1215
"C:/Users/Utkarsh Anand/Documents/Unreal Projects/GMTK_2026/Content/Objects/ExitDoor/BP_ExitDoor2.uasset" 1216
"C:/Users/Utkarsh Anand/Documents/Unreal Projects/GMTK_2026/Content/Objects/ExitDoor/BP_ExitDoor2.uexp" 1217
"C:/Users/Utkarsh Anand/Documents/Unreal Projects/GMTK_2026/Content/Map/Level_2.uexp" 1218
"C:/Users/Utkarsh Anand/Documents/Unreal Projects/GMTK_2026/Content/Map/Level_2.umap" 1219
